Unnamed: 0,year_id,quarter_id,smonth,sweek,start_day_week,sdate,stime,shour,goods_id,goods_name_st,goods_name_orig,unit_name,sale_amount,sale_orig_amount,sale_price,sale_qty,mysl_category_name_lv1,mysl_category_name_lv2,mysl_category_name_lv3,mysl_category_name_lv4
972,2021,2,202104,202113,20210329,20210401,49:52.0,16,510113002,咸鸭蛋,溢流香1枚熟咸蛋60g,枚,6,6,2,3,生鲜,蛋类,包装蛋类,包装盐蛋
420,2021,2,202104,202113,20210329,20210401,12:21.0,20,510113002,咸鸭蛋,溢流香1枚熟咸蛋60g,枚,8,8,2,4,生鲜,蛋类,包装蛋类,包装盐蛋
563,2021,2,202104,202113,20210329,20210402,34:05.0,7,510113002,咸鸭蛋,溢流香1枚熟咸蛋60g,枚,6,6,2,3,生鲜,蛋类,包装蛋类,包装盐蛋
750,2021,2,202104,202113,20210329,20210402,48:40.0,17,510113002,咸鸭蛋,溢流香1枚熟咸蛋60g,枚,10,10,2,5,生鲜,蛋类,包装蛋类,包装盐蛋
109,2021,2,202104,202113,20210329,20210402,29:56.0,20,510113002,咸鸭蛋,溢流香1枚熟咸蛋60g,枚,4,4,2,2,生鲜,蛋类,包装蛋类,包装盐蛋
314,2021,2,202104,202113,20210329,20210403,46:19.0,8,510113002,咸鸭蛋,溢流香1枚熟咸蛋60g,枚,6,6,2,3,生鲜,蛋类,包装蛋类,包装盐蛋
314,2021,2,202104,202113,20210329,20210403,54:48.0,15,510113002,咸鸭蛋,溢流香1枚熟咸蛋60g,枚,20,20,2,10,生鲜,蛋类,包装蛋类,包装盐蛋
423,2021,2,202104,202113,20210329,20210403,33:50.0,16,510113002,咸鸭蛋,溢流香1枚熟咸蛋60g,枚,10,10,2,5,生鲜,蛋类,包装蛋类,包装盐蛋
692,2021,2,202104,202113,20210329,20210403,43:25.0,18,510113002,咸鸭蛋,溢流香1枚熟咸蛋60g,枚,8,8,2,4,生鲜,蛋类,包装蛋类,包装盐蛋
740,2021,2,202104,202113,20210329,20210403,56:40.0,18,510113002,咸鸭蛋,溢流香1枚熟咸蛋60g,枚,14,14,2,7,生鲜,蛋类,包装蛋类,包装盐蛋
1010,2021,2,202104,202113,20210329,20210404,39:38.0,20,510113002,咸鸭蛋,溢流香1枚熟咸蛋60g,枚,4,4,2,2,生鲜,蛋类,包装蛋类,包装盐蛋
293,2021,2,202104,202114,20210405,20210405,13:28.0,18,510113002,咸鸭蛋,溢流香1枚熟咸蛋60g,枚,10,10,2,5,生鲜,蛋类,包装蛋类,包装盐蛋
329,2021,2,202104,202114,20210405,20210405,42:06.0,18,510113002,咸鸭蛋,溢流香1枚熟咸蛋60g,枚,4,4,2,2,生鲜,蛋类,包装蛋类,包装盐蛋
471,2021,2,202104,202114,20210405,20210406,27:50.0,16,510113002,咸鸭蛋,溢流香1枚熟咸蛋60g,枚,18,18,2,9,生鲜,蛋类,包装蛋类,包装盐蛋
510,2021,2,202104,202114,20210405,20210406,45:01.0,16,510113002,咸鸭蛋,溢流香1枚熟咸蛋60g,枚,4,4,2,2,生鲜,蛋类,包装蛋类,包装盐蛋
786,2021,2,202104,202114,20210405,20210406,36:05.0,18,510113002,咸鸭蛋,溢流香1枚熟咸蛋60g,枚,4,4,2,2,生鲜,蛋类,包装蛋类,包装盐蛋
851,2021,2,202104,202114,20210405,20210407,29:52.0,14,510113002,咸鸭蛋,溢流香1枚熟咸蛋60g,枚,10,10,2,5,生鲜,蛋类,包装蛋类,包装盐蛋
188,2021,2,202104,202114,20210405,20210407,19:21.0,17,510113002,咸鸭蛋,溢流香1枚熟咸蛋60g,枚,4,4,2,2,生鲜,蛋类,包装蛋类,包装盐蛋
758,2021,2,202104,202114,20210405,20210407,15:39.0,20,510113002,咸鸭蛋,溢流香1枚熟咸蛋60g,枚,2,2,2,1,生鲜,蛋类,包装蛋类,包装盐蛋
836,2021,2,202104,202114,20210405,20210407,39:45.0,20,510113002,咸鸭蛋,溢流香1枚熟咸蛋60g,枚,8,8,2,4,生鲜,蛋类,包装蛋类,包装盐蛋
248,2021,2,202104,202114,20210405,20210408,17:56.0,18,510113002,咸鸭蛋,溢流香1枚熟咸蛋60g,枚,10,10,2,5,生鲜,蛋类,包装蛋类,包装盐蛋
283,2021,2,202104,202114,20210405,20210408,36:10.0,18,510113002,咸鸭蛋,溢流香1枚熟咸蛋60g,枚,16,16,2,8,生鲜,蛋类,包装蛋类,包装盐蛋
875,2021,2,202104,202114,20210405,20210409,34:44.0,9,510113002,咸鸭蛋,溢流香1枚熟咸蛋60g,枚,2,2,2,1,生鲜,蛋类,包装蛋类,包装盐蛋
882,2021,2,202104,202114,20210405,20210409,38:16.0,9,510113002,咸鸭蛋,溢流香1枚熟咸蛋60g,枚,4,4,2,2,生鲜,蛋类,包装蛋类,包装盐蛋
934,2021,2,202104,202114,20210405,20210409,02:56.0,10,510113002,咸鸭蛋,溢流香1枚熟咸蛋60g,枚,10,10,2,5,生鲜,蛋类,包装蛋类,包装盐蛋
627,2021,2,202104,202114,20210405,20210409,57:16.0,16,510113002,咸鸭蛋,溢流香1枚熟咸蛋60g,枚,20,20,2,10,生鲜,蛋类,包装蛋类,包装盐蛋
870,2021,2,202104,202114,20210405,20210409,33:03.0,18,510113002,咸鸭蛋,溢流香1枚熟咸蛋60g,枚,4,4,2,2,生鲜,蛋类,包装蛋类,包装盐蛋
74,2021,2,202104,202114,20210405,20210409,42:49.0,19,510113002,咸鸭蛋,溢流香1枚熟咸蛋60g,枚,8,8,2,4,生鲜,蛋类,包装蛋类,包装盐蛋
334,2021,2,202104,202114,20210405,20210409,10:47.0,21,510113002,咸鸭蛋,溢流香1枚熟咸蛋60g,枚,4,4,2,2,生鲜,蛋类,包装蛋类,包装盐蛋
381,2021,2,202104,202114,20210405,20210410,39:20.0,15,510113002,咸鸭蛋,溢流香1枚熟咸蛋60g,枚,10,10,2,5,生鲜,蛋类,包装蛋类,包装盐蛋
349,2021,2,202104,202114,20210405,20210411,08:04.0,8,510113002,咸鸭蛋,溢流香1枚熟咸蛋60g,枚,6,6,2,3,生鲜,蛋类,包装蛋类,包装盐蛋
635,2021,2,202104,202114,20210405,20210411,55:06.0,9,510113002,咸鸭蛋,溢流香1枚熟咸蛋60g,枚,8,8,2,4,生鲜,蛋类,包装蛋类,包装盐蛋
836,2021,2,202104,202114,20210405,20210411,33:56.0,10,510113002,咸鸭蛋,溢流香1枚熟咸蛋60g,枚,10,10,2,5,生鲜,蛋类,包装蛋类,包装盐蛋
0,2021,2,202104,202114,20210405,20210411,38:01.0,11,510113002,咸鸭蛋,溢流香1枚熟咸蛋60g,枚,8,8,2,4,生鲜,蛋类,包装蛋类,包装盐蛋
562,2021,2,202104,202115,20210412,20210412,53:47.0,9,510113002,咸鸭蛋,溢流香1枚熟咸蛋60g,枚,4,4,2,2,生鲜,蛋类,包装蛋类,包装盐蛋
774,2021,2,202104,202115,20210412,20210412,55:17.0,11,510113002,咸鸭蛋,溢流香1枚熟咸蛋60g,枚,18,18,2,9,生鲜,蛋类,包装蛋类,包装盐蛋
1021,2021,2,202104,202115,20210412,20210412,33:16.0,15,510113002,咸鸭蛋,溢流香1枚熟咸蛋60g,枚,10,10,2,5,生鲜,蛋类,包装蛋类,包装盐蛋
635,2021,2,202104,202115,20210412,20210412,38:47.0,19,510113002,咸鸭蛋,溢流香1枚熟咸蛋60g,枚,10,10,2,5,生鲜,蛋类,包装蛋类,包装盐蛋
671,2021,2,202104,202115,20210412,20210412,53:06.0,19,510113002,咸鸭蛋,溢流香1枚熟咸蛋60g,枚,10,10,2,5,生鲜,蛋类,包装蛋类,包装盐蛋
905,2021,2,202104,202115,20210412,20210413,46:11.0,7,510113002,咸鸭蛋,溢流香1枚熟咸蛋60g,枚,2,2,2,1,生鲜,蛋类,包装蛋类,包装盐蛋
562,2021,2,202104,202115,20210412,20210413,05:04.0,15,510113002,咸鸭蛋,溢流香1枚熟咸蛋60g,枚,2,2,2,1,生鲜,蛋类,包装蛋类,包装盐蛋
130,2021,2,202104,202115,20210412,20210413,03:46.0,20,510113002,咸鸭蛋,溢流香1枚熟咸蛋60g,枚,6,6,2,3,生鲜,蛋类,包装蛋类,包装盐蛋
537,2021,2,202104,202115,20210412,20210414,31:03.0,10,510113002,咸鸭蛋,溢流香1枚熟咸蛋60g,枚,10,10,2,5,生鲜,蛋类,包装蛋类,包装盐蛋
126,2021,2,202104,202115,20210412,20210414,00:32.0,16,510113002,咸鸭蛋,溢流香1枚熟咸蛋60g,枚,2,2,2,1,生鲜,蛋类,包装蛋类,包装盐蛋
339,2021,2,202104,202115,20210412,20210414,31:57.0,17,510113002,咸鸭蛋,溢流香1枚熟咸蛋60g,枚,10,10,2,5,生鲜,蛋类,包装蛋类,包装盐蛋
372,2021,2,202104,202115,20210412,20210414,46:06.0,17,510113002,咸鸭蛋,溢流香1枚熟咸蛋60g,枚,30,30,2,15,生鲜,蛋类,包装蛋类,包装盐蛋
627,2021,2,202104,202115,20210412,20210415,20:16.0,16,510113002,咸鸭蛋,溢流香1枚熟咸蛋60g,枚,12,12,2,6,生鲜,蛋类,包装蛋类,包装盐蛋
747,2021,2,202104,202115,20210412,20210415,40:12.0,16,510113002,咸鸭蛋,溢流香1枚熟咸蛋60g,枚,6,6,2,3,生鲜,蛋类,包装蛋类,包装盐蛋
934,2021,2,202104,202115,20210412,20210415,35:18.0,17,510113002,咸鸭蛋,溢流香1枚熟咸蛋60g,枚,8,8,2,4,生鲜,蛋类,包装蛋类,包装盐蛋
42,2021,2,202104,202115,20210412,20210416,24:48.0,11,510113002,咸鸭蛋,溢流香1枚熟咸蛋60g,枚,10,10,2,5,生鲜,蛋类,包装蛋类,包装盐蛋
51,2021,2,202104,202115,20210412,20210416,28:31.0,11,510113002,咸鸭蛋,溢流香1枚熟咸蛋60g,枚,16,16,2,8,生鲜,蛋类,包装蛋类,包装盐蛋
816,2021,2,202104,202115,20210412,20210416,34:42.0,20,510113002,咸鸭蛋,溢流香1枚熟咸蛋60g,枚,4,4,2,2,生鲜,蛋类,包装蛋类,包装盐蛋
201,2021,2,202104,202115,20210412,20210417,02:00.0,17,510113002,咸鸭蛋,溢流香1枚熟咸蛋60g,枚,10,10,2,5,生鲜,蛋类,包装蛋类,包装盐蛋
589,2021,2,202104,202115,20210412,20210417,30:27.0,19,510113002,咸鸭蛋,溢流香1枚熟咸蛋60g,枚,4,4,2,2,生鲜,蛋类,包装蛋类,包装盐蛋
841,2021,2,202104,202115,20210412,20210418,31:02.0,14,510113002,咸鸭蛋,溢流香1枚熟咸蛋60g,枚,4,4,2,2,生鲜,蛋类,包装蛋类,包装盐蛋
983,2021,2,202104,202115,20210412,20210418,42:27.0,15,510113002,咸鸭蛋,溢流香1枚熟咸蛋60g,枚,6,6,2,3,生鲜,蛋类,包装蛋类,包装盐蛋
143,2021,2,202104,202115,20210412,20210418,07:17.0,17,510113002,咸鸭蛋,溢流香1枚熟咸蛋60g,枚,8,8,2,4,生鲜,蛋类,包装蛋类,包装盐蛋
868,2021,2,202104,202116,20210419,20210419,49:59.0,19,510113002,咸鸭蛋,溢流香1枚熟咸蛋60g,枚,4,4,2,2,生鲜,蛋类,包装蛋类,包装盐蛋
88,2021,2,202104,202116,20210419,20210420,33:54.0,7,510113002,咸鸭蛋,溢流香1枚熟咸蛋60g,枚,6,6,1.5,4,生鲜,蛋类,包装蛋类,包装盐蛋
248,2021,2,202104,202116,20210419,20210420,18:02.0,9,510113002,咸鸭蛋,溢流香1枚熟咸蛋60g,枚,7.5,7.5,1.5,5,生鲜,蛋类,包装蛋类,包装盐蛋
250,2021,2,202104,202116,20210419,20210420,19:36.0,9,510113002,咸鸭蛋,溢流香1枚熟咸蛋60g,枚,7.5,7.5,1.5,5,生鲜,蛋类,包装蛋类,包装盐蛋
270,2021,2,202104,202116,20210419,20210420,32:34.0,9,510113002,咸鸭蛋,溢流香1枚熟咸蛋60g,枚,9,9,1.5,6,生鲜,蛋类,包装蛋类,包装盐蛋
541,2021,2,202104,202116,20210419,20210420,18:38.0,12,510113002,咸鸭蛋,溢流香1枚熟咸蛋60g,枚,9,9,1.5,6,生鲜,蛋类,包装蛋类,包装盐蛋
731,2021,2,202104,202116,20210419,20210420,59:29.0,14,510113002,咸鸭蛋,溢流香1枚熟咸蛋60g,枚,9,9,1.5,6,生鲜,蛋类,包装蛋类,包装盐蛋
4,2021,2,202104,202116,20210419,20210420,03:44.0,17,510113002,咸鸭蛋,溢流香1枚熟咸蛋60g,枚,1.5,1.5,1.5,1,生鲜,蛋类,包装蛋类,包装盐蛋
416,2021,2,202104,202116,20210419,20210420,55:05.0,19,510113002,咸鸭蛋,溢流香1枚熟咸蛋60g,枚,7.5,7.5,1.5,5,生鲜,蛋类,包装蛋类,包装盐蛋
526,2021,2,202104,202116,20210419,20210420,22:37.0,20,510113002,咸鸭蛋,溢流香1枚熟咸蛋60g,枚,3,3,1.5,2,生鲜,蛋类,包装蛋类,包装盐蛋
907,2021,2,202104,202116,20210419,20210421,12:12.0,9,510113002,咸鸭蛋,溢流香1枚熟咸蛋60g,枚,6,6,1.5,4,生鲜,蛋类,包装蛋类,包装盐蛋
15,2021,2,202104,202116,20210419,20210421,03:23.0,10,510113002,咸鸭蛋,溢流香1枚熟咸蛋60g,枚,6,6,1.5,4,生鲜,蛋类,包装蛋类,包装盐蛋
132,2021,2,202104,202116,20210419,20210421,54:10.0,10,510113002,咸鸭蛋,溢流香1枚熟咸蛋60g,枚,6,6,1.5,4,生鲜,蛋类,包装蛋类,包装盐蛋
767,2021,2,202104,202116,20210419,20210421,37:18.0,17,510113002,咸鸭蛋,溢流香1枚熟咸蛋60g,枚,9,9,1.5,6,生鲜,蛋类,包装蛋类,包装盐蛋
1018,2021,2,202104,202116,20210419,20210421,40:23.0,19,510113002,咸鸭蛋,溢流香1枚熟咸蛋60g,枚,6,6,1.5,4,生鲜,蛋类,包装蛋类,包装盐蛋
141,2021,2,202104,202116,20210419,20210421,26:14.0,20,510113002,咸鸭蛋,溢流香1枚熟咸蛋60g,枚,9,9,1.5,6,生鲜,蛋类,包装蛋类,包装盐蛋
146,2021,2,202104,202116,20210419,20210421,33:03.0,20,510113002,咸鸭蛋,溢流香1枚熟咸蛋60g,枚,18,18,1.5,12,生鲜,蛋类,包装蛋类,包装盐蛋
303,2021,2,202104,202116,20210419,20210422,43:38.0,8,510113002,咸鸭蛋,溢流香1枚熟咸蛋60g,枚,7.5,7.5,1.5,5,生鲜,蛋类,包装蛋类,包装盐蛋
417,2021,2,202104,202116,20210419,20210422,56:12.0,9,510113002,咸鸭蛋,溢流香1枚熟咸蛋60g,枚,3,3,1.5,2,生鲜,蛋类,包装蛋类,包装盐蛋
540,2021,2,202104,202116,20210419,20210422,25:12.0,11,510113002,咸鸭蛋,溢流香1枚熟咸蛋60g,枚,15,15,1.5,10,生鲜,蛋类,包装蛋类,包装盐蛋
851,2021,2,202104,202116,20210419,20210422,08:12.0,16,510113002,咸鸭蛋,溢流香1枚熟咸蛋60g,枚,6,6,1.5,4,生鲜,蛋类,包装蛋类,包装盐蛋
902,2021,2,202104,202116,20210419,20210422,24:58.0,16,510113002,咸鸭蛋,溢流香1枚熟咸蛋60g,枚,13.5,13.5,1.5,9,生鲜,蛋类,包装蛋类,包装盐蛋
437,2021,2,202104,202116,20210419,20210422,10:26.0,20,510113002,咸鸭蛋,溢流香1枚熟咸蛋60g,枚,4.5,4.5,1.5,3,生鲜,蛋类,包装蛋类,包装盐蛋
466,2021,2,202104,202116,20210419,20210422,20:56.0,20,510113002,咸鸭蛋,溢流香1枚熟咸蛋60g,枚,4.5,4.5,1.5,3,生鲜,蛋类,包装蛋类,包装盐蛋
830,2021,2,202104,202116,20210419,20210423,04:46.0,10,510113002,咸鸭蛋,溢流香1枚熟咸蛋60g,枚,3,3,1.5,2,生鲜,蛋类,包装蛋类,包装盐蛋
834,2021,2,202104,202116,20210419,20210423,14:27.0,10,510113002,咸鸭蛋,溢流香1枚熟咸蛋60g,枚,30,30,1.5,20,生鲜,蛋类,包装蛋类,包装盐蛋
876,2021,2,202104,202116,20210419,20210423,25:56.0,10,510113002,咸鸭蛋,溢流香1枚熟咸蛋60g,枚,9,9,1.5,6,生鲜,蛋类,包装蛋类,包装盐蛋
879,2021,2,202104,202116,20210419,20210423,28:04.0,10,510113002,咸鸭蛋,溢流香1枚熟咸蛋60g,枚,12,12,1.5,8,生鲜,蛋类,包装蛋类,包装盐蛋
12,2021,2,202104,202116,20210419,20210423,08:57.0,12,510113002,咸鸭蛋,溢流香1枚熟咸蛋60g,枚,6,6,1.5,4,生鲜,蛋类,包装蛋类,包装盐蛋
165,2021,2,202104,202116,20210419,20210423,39:12.0,14,510113002,咸鸭蛋,溢流香1枚熟咸蛋60g,枚,7.5,7.5,1.5,5,生鲜,蛋类,包装蛋类,包装盐蛋
217,2021,2,202104,202116,20210419,20210423,13:30.0,15,510113002,咸鸭蛋,溢流香1枚熟咸蛋60g,枚,21,21,1.5,14,生鲜,蛋类,包装蛋类,包装盐蛋
529,2021,2,202104,202116,20210419,20210423,23:18.0,17,510113002,咸鸭蛋,溢流香1枚熟咸蛋60g,枚,3,3,1.5,2,生鲜,蛋类,包装蛋类,包装盐蛋
721,2021,2,202104,202116,20210419,20210423,10:18.0,19,510113002,咸鸭蛋,溢流香1枚熟咸蛋60g,枚,3,3,1.5,2,生鲜,蛋类,包装蛋类,包装盐蛋
220,2021,2,202104,202116,20210419,20210424,58:13.0,8,510113002,咸鸭蛋,溢流香1枚熟咸蛋60g,枚,1.5,1.5,1.5,1,生鲜,蛋类,包装蛋类,包装盐蛋
762,2021,2,202104,202116,20210419,20210424,18:40.0,11,510113002,咸鸭蛋,溢流香1枚熟咸蛋60g,枚,7.5,7.5,1.5,5,生鲜,蛋类,包装蛋类,包装盐蛋
965,2021,2,202104,202116,20210419,20210424,51:15.0,12,510113002,咸鸭蛋,溢流香1枚熟咸蛋60g,枚,3,3,1.5,2,生鲜,蛋类,包装蛋类,包装盐蛋
27,2021,2,202104,202116,20210419,20210424,37:41.0,13,510113002,咸鸭蛋,溢流香1枚熟咸蛋60g,枚,3,3,1.5,2,生鲜,蛋类,包装蛋类,包装盐蛋
89,2021,2,202104,202116,20210419,20210424,04:10.0,14,510113002,咸鸭蛋,溢流香1枚熟咸蛋60g,枚,22.5,22.5,1.5,15,生鲜,蛋类,包装蛋类,包装盐蛋
848,2021,2,202104,202116,20210419,20210424,01:11.0,19,510113002,咸鸭蛋,溢流香1枚熟咸蛋60g,枚,1.5,1.5,1.5,1,生鲜,蛋类,包装蛋类,包装盐蛋
294,2021,2,202104,202116,20210419,20210425,37:24.0,8,510113002,咸鸭蛋,溢流香1枚熟咸蛋60g,枚,6,6,1.5,4,生鲜,蛋类,包装蛋类,包装盐蛋
305,2021,2,202104,202116,20210419,20210425,42:47.0,8,510113002,咸鸭蛋,溢流香1枚熟咸蛋60g,枚,6,6,1.5,4,生鲜,蛋类,包装蛋类,包装盐蛋
361,2021,2,202104,202116,20210419,20210425,21:24.0,9,510113002,咸鸭蛋,溢流香1枚熟咸蛋60g,枚,15,15,1.5,10,生鲜,蛋类,包装蛋类,包装盐蛋
683,2021,2,202104,202116,20210419,20210425,02:49.0,12,510113002,咸鸭蛋,溢流香1枚熟咸蛋60g,枚,4.5,4.5,1.5,3,生鲜,蛋类,包装蛋类,包装盐蛋
737,2021,2,202104,202116,20210419,20210425,45:51.0,12,510113002,咸鸭蛋,溢流香1枚熟咸蛋60g,枚,6,6,1.5,4,生鲜,蛋类,包装蛋类,包装盐蛋
966,2021,2,202104,202116,20210419,20210425,35:48.0,15,510113002,咸鸭蛋,溢流香1枚熟咸蛋60g,枚,6,6,1.5,4,生鲜,蛋类,包装蛋类,包装盐蛋
76,2021,2,202104,202116,20210419,20210425,42:13.0,16,510113002,咸鸭蛋,溢流香1枚熟咸蛋60g,枚,7.5,7.5,1.5,5,生鲜,蛋类,包装蛋类,包装盐蛋
99,2021,2,202104,202116,20210419,20210425,53:17.0,16,510113002,咸鸭蛋,溢流香1枚熟咸蛋60g,枚,1.5,1.5,1.5,1,生鲜,蛋类,包装蛋类,包装盐蛋
260,2021,2,202104,202116,20210419,20210425,50:15.0,17,510113002,咸鸭蛋,溢流香1枚熟咸蛋60g,枚,1.5,1.5,1.5,1,生鲜,蛋类,包装蛋类,包装盐蛋
628,2021,2,202104,202116,20210419,20210425,13:55.0,20,510113002,咸鸭蛋,溢流香1枚熟咸蛋60g,枚,6,6,1.5,4,生鲜,蛋类,包装蛋类,包装盐蛋
69,2021,2,202104,202117,20210426,20210426,14:04.0,10,510113002,咸鸭蛋,溢流香1枚熟咸蛋60g,枚,4,4,2,2,生鲜,蛋类,包装蛋类,包装盐蛋
445,2021,2,202104,202117,20210426,20210426,55:52.0,15,510113002,咸鸭蛋,溢流香1枚熟咸蛋60g,枚,16,16,2,8,生鲜,蛋类,包装蛋类,包装盐蛋
722,2021,2,202104,202117,20210426,20210426,19:09.0,18,510113002,咸鸭蛋,溢流香1枚熟咸蛋60g,枚,8,8,2,4,生鲜,蛋类,包装蛋类,包装盐蛋
963,2021,2,202104,202117,20210426,20210426,55:53.0,19,510113002,咸鸭蛋,溢流香1枚熟咸蛋60g,枚,4,4,2,2,生鲜,蛋类,包装蛋类,包装盐蛋
610,2021,2,202104,202117,20210426,20210427,12:48.0,13,510113002,咸鸭蛋,溢流香1枚熟咸蛋60g,枚,20,20,2,10,生鲜,蛋类,包装蛋类,包装盐蛋
761,2021,2,202104,202117,20210426,20210427,04:29.0,15,510113002,咸鸭蛋,溢流香1枚熟咸蛋60g,枚,20,20,2,10,生鲜,蛋类,包装蛋类,包装盐蛋
248,2021,2,202104,202117,20210426,20210427,28:00.0,19,510113002,咸鸭蛋,溢流香1枚熟咸蛋60g,枚,10,10,2,5,生鲜,蛋类,包装蛋类,包装盐蛋
289,2021,2,202104,202117,20210426,20210427,41:13.0,19,510113002,咸鸭蛋,溢流香1枚熟咸蛋60g,枚,8,8,2,4,生鲜,蛋类,包装蛋类,包装盐蛋
782,2021,2,202104,202117,20210426,20210428,50:37.0,10,510113002,咸鸭蛋,溢流香1枚熟咸蛋60g,枚,4,4,2,2,生鲜,蛋类,包装蛋类,包装盐蛋
809,2021,2,202104,202117,20210426,20210428,59:37.0,10,510113002,咸鸭蛋,溢流香1枚熟咸蛋60g,枚,10,10,2,5,生鲜,蛋类,包装蛋类,包装盐蛋
106,2021,2,202104,202117,20210426,20210428,01:07.0,15,510113002,咸鸭蛋,溢流香1枚熟咸蛋60g,枚,10,10,2,5,生鲜,蛋类,包装蛋类,包装盐蛋
257,2021,2,202104,202117,20210426,20210428,37:30.0,16,510113002,咸鸭蛋,溢流香1枚熟咸蛋60g,枚,2,2,2,1,生鲜,蛋类,包装蛋类,包装盐蛋
692,2021,2,202104,202117,20210426,20210428,02:16.0,19,510113002,咸鸭蛋,溢流香1枚熟咸蛋60g,枚,4,4,2,2,生鲜,蛋类,包装蛋类,包装盐蛋
796,2021,2,202104,202117,20210426,20210428,17:29.0,19,510113002,咸鸭蛋,溢流香1枚熟咸蛋60g,枚,12,12,2,6,生鲜,蛋类,包装蛋类,包装盐蛋
477,2021,2,202104,202117,20210426,20210429,32:48.0,18,510113002,咸鸭蛋,溢流香1枚熟咸蛋60g,枚,2,2,2,1,生鲜,蛋类,包装蛋类,包装盐蛋
859,2021,2,202104,202117,20210426,20210429,14:52.0,20,510113002,咸鸭蛋,溢流香1枚熟咸蛋60g,枚,6,6,2,3,生鲜,蛋类,包装蛋类,包装盐蛋
160,2021,2,202104,202117,20210426,20210430,58:52.0,7,510113002,咸鸭蛋,溢流香1枚熟咸蛋60g,枚,8,8,2,4,生鲜,蛋类,包装蛋类,包装盐蛋
455,2021,2,202104,202117,20210426,20210430,45:43.0,16,510113002,咸鸭蛋,溢流香1枚熟咸蛋60g,枚,4,4,2,2,生鲜,蛋类,包装蛋类,包装盐蛋
683,2021,2,202104,202117,20210426,20210430,49:21.0,17,510113002,咸鸭蛋,溢流香1枚熟咸蛋60g,枚,16,16,2,8,生鲜,蛋类,包装蛋类,包装盐蛋
242,2021,2,202104,202117,20210426,20210430,09:52.0,20,510113002,咸鸭蛋,溢流香1枚熟咸蛋60g,枚,10,10,2,5,生鲜,蛋类,包装蛋类,包装盐蛋
466,2021,2,202104,202117,20210426,20210430,52:02.0,20,510113002,咸鸭蛋,溢流香1枚熟咸蛋60g,枚,8,8,2,4,生鲜,蛋类,包装蛋类,包装盐蛋
83,2022,2,202206,202222,20220530,20220601,26:53.0,7,510113002,咸鸭蛋,溢流香1枚熟咸蛋60g,枚,23.1,23.1,1.65,14,生鲜,蛋类,包装蛋类,包装盐蛋
102,2022,2,202206,202222,20220530,20220601,47:48.0,7,510113002,咸鸭蛋,溢流香1枚熟咸蛋60g,枚,19.8,19.8,1.65,12,生鲜,蛋类,包装蛋类,包装盐蛋
114,2022,2,202206,202222,20220530,20220601,03:37.0,8,510113002,咸鸭蛋,溢流香1枚熟咸蛋60g,枚,3.3,3.3,1.65,2,生鲜,蛋类,包装蛋类,包装盐蛋
122,2022,2,202206,202222,20220530,20220601,14:55.0,8,510113002,咸鸭蛋,溢流香1枚熟咸蛋60g,枚,16.5,16.5,1.65,10,生鲜,蛋类,包装蛋类,包装盐蛋
165,2022,2,202206,202222,20220530,20220601,40:39.0,8,510113002,咸鸭蛋,溢流香1枚熟咸蛋60g,枚,3.3,3.3,1.65,2,生鲜,蛋类,包装蛋类,包装盐蛋
172,2022,2,202206,202222,20220530,20220601,43:31.0,8,510113002,咸鸭蛋,溢流香1枚熟咸蛋60g,枚,9.9,9.9,1.65,6,生鲜,蛋类,包装蛋类,包装盐蛋
249,2022,2,202206,202222,20220530,20220601,21:01.0,9,510113002,咸鸭蛋,溢流香1枚熟咸蛋60g,枚,6.6,6.6,1.65,4,生鲜,蛋类,包装蛋类,包装盐蛋
274,2022,2,202206,202222,20220530,20220601,30:58.0,9,510113002,咸鸭蛋,溢流香1枚熟咸蛋60g,枚,13.2,13.2,1.65,8,生鲜,蛋类,包装蛋类,包装盐蛋
387,2022,2,202206,202222,20220530,20220601,10:58.0,10,510113002,咸鸭蛋,溢流香1枚熟咸蛋60g,枚,8.25,8.25,1.65,5,生鲜,蛋类,包装蛋类,包装盐蛋
396,2022,2,202206,202222,20220530,20220601,18:23.0,10,510113002,咸鸭蛋,溢流香1枚熟咸蛋60g,枚,9.9,9.9,1.65,6,生鲜,蛋类,包装蛋类,包装盐蛋
444,2022,2,202206,202222,20220530,20220601,42:46.0,10,510113002,咸鸭蛋,溢流香1枚熟咸蛋60g,枚,24.7,24.7,1.65,15,生鲜,蛋类,包装蛋类,包装盐蛋
468,2022,2,202206,202222,20220530,20220601,49:11.0,10,510113002,咸鸭蛋,溢流香1枚熟咸蛋60g,枚,6.6,6.6,1.65,4,生鲜,蛋类,包装蛋类,包装盐蛋
550,2022,2,202206,202222,20220530,20220601,44:37.0,11,510113002,咸鸭蛋,溢流香1枚熟咸蛋60g,枚,16.5,16.5,1.65,10,生鲜,蛋类,包装蛋类,包装盐蛋
863,2022,2,202206,202222,20220530,20220601,55:41.0,14,510113002,咸鸭蛋,溢流香1枚熟咸蛋60g,枚,9.9,9.9,1.65,6,生鲜,蛋类,包装蛋类,包装盐蛋
941,2022,2,202206,202222,20220530,20220601,02:02.0,16,510113002,咸鸭蛋,溢流香1枚熟咸蛋60g,枚,13.2,13.2,1.65,8,生鲜,蛋类,包装蛋类,包装盐蛋
945,2022,2,202206,202222,20220530,20220601,05:31.0,16,510113002,咸鸭蛋,溢流香1枚熟咸蛋60g,枚,9.9,9.9,1.65,6,生鲜,蛋类,包装蛋类,包装盐蛋
949,2022,2,202206,202222,20220530,20220601,10:26.0,16,510113002,咸鸭蛋,溢流香1枚熟咸蛋60g,枚,4.95,4.95,1.65,3,生鲜,蛋类,包装蛋类,包装盐蛋
961,2022,2,202206,202222,20220530,20220601,20:09.0,16,510113002,咸鸭蛋,溢流香1枚熟咸蛋60g,枚,9.9,9.9,1.65,6,生鲜,蛋类,包装蛋类,包装盐蛋
1022,2022,2,202206,202222,20220530,20220601,42:08.0,16,510113002,咸鸭蛋,溢流香1枚熟咸蛋60g,枚,6.6,6.6,1.65,4,生鲜,蛋类,包装蛋类,包装盐蛋
0,2022,2,202206,202222,20220530,20220601,44:26.0,16,510113002,咸鸭蛋,溢流香1枚熟咸蛋60g,枚,3.3,3.3,1.65,2,生鲜,蛋类,包装蛋类,包装盐蛋
1,2022,2,202206,202222,20220530,20220601,45:04.0,16,510113002,咸鸭蛋,溢流香1枚熟咸蛋60g,枚,11.55,11.55,1.65,7,生鲜,蛋类,包装蛋类,包装盐蛋
20,2022,2,202206,202222,20220530,20220601,49:51.0,16,510113002,咸鸭蛋,溢流香1枚熟咸蛋60g,枚,8.2,8.2,1.64,5,生鲜,蛋类,包装蛋类,包装盐蛋
102,2022,2,202206,202222,20220530,20220601,25:36.0,17,510113002,咸鸭蛋,溢流香1枚熟咸蛋60g,枚,9.9,9.9,1.65,6,生鲜,蛋类,包装蛋类,包装盐蛋
111,2022,2,202206,202222,20220530,20220601,28:25.0,17,510113002,咸鸭蛋,溢流香1枚熟咸蛋60g,枚,16.5,16.5,1.65,10,生鲜,蛋类,包装蛋类,包装盐蛋
306,2022,2,202206,202222,20220530,20220601,52:19.0,18,510113002,咸鸭蛋,溢流香1枚熟咸蛋60g,枚,16.5,16.5,1.65,10,生鲜,蛋类,包装蛋类,包装盐蛋
309,2022,2,202206,202222,20220530,20220601,53:11.0,18,510113002,咸鸭蛋,溢流香1枚熟咸蛋60g,枚,6.6,6.6,1.65,4,生鲜,蛋类,包装蛋类,包装盐蛋
343,2022,2,202206,202222,20220530,20220601,59:03.0,18,510113002,咸鸭蛋,溢流香1枚熟咸蛋60g,枚,16.5,16.5,1.65,10,生鲜,蛋类,包装蛋类,包装盐蛋
349,2022,2,202206,202222,20220530,20220601,02:02.0,19,510113002,咸鸭蛋,溢流香1枚熟咸蛋60g,枚,8.2,8.2,1.64,5,生鲜,蛋类,包装蛋类,包装盐蛋
352,2022,2,202206,202222,20220530,20220601,04:24.0,19,510113002,咸鸭蛋,溢流香1枚熟咸蛋60g,枚,11.55,11.55,1.65,7,生鲜,蛋类,包装蛋类,包装盐蛋
419,2022,2,202206,202222,20220530,20220601,30:47.0,19,510113002,咸鸭蛋,溢流香1枚熟咸蛋60g,枚,9.9,9.9,1.65,6,生鲜,蛋类,包装蛋类,包装盐蛋
499,2022,2,202206,202222,20220530,20220601,43:58.0,19,510113002,咸鸭蛋,溢流香1枚熟咸蛋60g,枚,13.2,13.2,1.65,8,生鲜,蛋类,包装蛋类,包装盐蛋
500,2022,2,202206,202222,20220530,20220601,44:05.0,19,510113002,咸鸭蛋,溢流香1枚熟咸蛋60g,枚,14.8,14.8,1.64,9,生鲜,蛋类,包装蛋类,包装盐蛋
570,2022,2,202206,202222,20220530,20220601,13:41.0,20,510113002,咸鸭蛋,溢流香1枚熟咸蛋60g,枚,8.25,8.25,1.65,5,生鲜,蛋类,包装蛋类,包装盐蛋
584,2022,2,202206,202222,20220530,20220601,17:03.0,20,510113002,咸鸭蛋,溢流香1枚熟咸蛋60g,枚,8.25,8.25,1.65,5,生鲜,蛋类,包装蛋类,包装盐蛋
618,2022,2,202206,202222,20220530,20220601,25:28.0,20,510113002,咸鸭蛋,溢流香1枚熟咸蛋60g,枚,49.5,49.5,1.65,30,生鲜,蛋类,包装蛋类,包装盐蛋
679,2022,2,202206,202222,20220530,20220601,02:10.0,21,510113002,咸鸭蛋,溢流香1枚熟咸蛋60g,枚,16.5,16.5,1.65,10,生鲜,蛋类,包装蛋类,包装盐蛋
735,2022,2,202206,202222,20220530,20220602,28:47.0,7,510113002,咸鸭蛋,溢流香1枚熟咸蛋60g,枚,11.5,11.5,1.64,7,生鲜,蛋类,包装蛋类,包装盐蛋
737,2022,2,202206,202222,20220530,20220602,32:12.0,7,510113002,咸鸭蛋,溢流香1枚熟咸蛋60g,枚,9.9,9.9,1.65,6,生鲜,蛋类,包装蛋类,包装盐蛋
752,2022,2,202206,202222,20220530,20220602,52:38.0,7,510113002,咸鸭蛋,溢流香1枚熟咸蛋60g,枚,6.6,6.6,1.65,4,生鲜,蛋类,包装蛋类,包装盐蛋
754,2022,2,202206,202222,20220530,20220602,59:57.0,7,510113002,咸鸭蛋,溢流香1枚熟咸蛋60g,枚,13.2,13.2,1.65,8,生鲜,蛋类,包装蛋类,包装盐蛋
778,2022,2,202206,202222,20220530,20220602,23:06.0,8,510113002,咸鸭蛋,溢流香1枚熟咸蛋60g,枚,16.5,16.5,1.65,10,生鲜,蛋类,包装蛋类,包装盐蛋
814,2022,2,202206,202222,20220530,20220602,45:46.0,8,510113002,咸鸭蛋,溢流香1枚熟咸蛋60g,枚,9.9,9.9,1.65,6,生鲜,蛋类,包装蛋类,包装盐蛋
826,2022,2,202206,202222,20220530,20220602,57:57.0,8,510113002,咸鸭蛋,溢流香1枚熟咸蛋60g,枚,16.5,16.5,1.65,10,生鲜,蛋类,包装蛋类,包装盐蛋
843,2022,2,202206,202222,20220530,20220602,07:59.0,9,510113002,咸鸭蛋,溢流香1枚熟咸蛋60g,枚,9.9,9.9,1.65,6,生鲜,蛋类,包装蛋类,包装盐蛋
908,2022,2,202206,202222,20220530,20220602,44:32.0,9,510113002,咸鸭蛋,溢流香1枚熟咸蛋60g,枚,6.6,6.6,1.65,4,生鲜,蛋类,包装蛋类,包装盐蛋
937,2022,2,202206,202222,20220530,20220602,58:57.0,9,510113002,咸鸭蛋,溢流香1枚熟咸蛋60g,枚,8.25,8.25,1.65,5,生鲜,蛋类,包装蛋类,包装盐蛋
964,2022,2,202206,202222,20220530,20220602,09:56.0,10,510113002,咸鸭蛋,溢流香1枚熟咸蛋60g,枚,16.5,16.5,1.65,10,生鲜,蛋类,包装蛋类,包装盐蛋
985,2022,2,202206,202222,20220530,20220602,21:39.0,10,510113002,咸鸭蛋,溢流香1枚熟咸蛋60g,枚,1.6,1.6,1.6,1,生鲜,蛋类,包装蛋类,包装盐蛋
1001,2022,2,202206,202222,20220530,20220602,24:50.0,10,510113002,咸鸭蛋,溢流香1枚熟咸蛋60g,枚,1.65,1.65,1.65,1,生鲜,蛋类,包装蛋类,包装盐蛋
17,2022,2,202206,202222,20220530,20220602,41:47.0,10,510113002,咸鸭蛋,溢流香1枚熟咸蛋60g,枚,3.3,3.3,1.65,2,生鲜,蛋类,包装蛋类,包装盐蛋
26,2022,2,202206,202222,20220530,20220602,44:38.0,10,510113002,咸鸭蛋,溢流香1枚熟咸蛋60g,枚,33,33,1.65,20,生鲜,蛋类,包装蛋类,包装盐蛋
33,2022,2,202206,202222,20220530,20220602,49:06.0,10,510113002,咸鸭蛋,溢流香1枚熟咸蛋60g,枚,1.65,1.65,1.65,1,生鲜,蛋类,包装蛋类,包装盐蛋
68,2022,2,202206,202222,20220530,20220602,04:25.0,11,510113002,咸鸭蛋,溢流香1枚熟咸蛋60g,枚,9.9,9.9,1.65,6,生鲜,蛋类,包装蛋类,包装盐蛋
74,2022,2,202206,202222,20220530,20220602,08:39.0,11,510113002,咸鸭蛋,溢流香1枚熟咸蛋60g,枚,6.6,6.6,1.65,4,生鲜,蛋类,包装蛋类,包装盐蛋
142,2022,2,202206,202222,20220530,20220602,39:01.0,11,510113002,咸鸭蛋,溢流香1枚熟咸蛋60g,枚,8.25,8.25,1.65,5,生鲜,蛋类,包装蛋类,包装盐蛋
259,2022,2,202206,202222,20220530,20220602,41:18.0,13,510113002,咸鸭蛋,溢流香1枚熟咸蛋60g,枚,19.8,19.8,1.65,12,生鲜,蛋类,包装蛋类,包装盐蛋
281,2022,2,202206,202222,20220530,20220602,10:57.0,14,510113002,咸鸭蛋,溢流香1枚熟咸蛋60g,枚,18.15,18.15,1.65,11,生鲜,蛋类,包装蛋类,包装盐蛋
287,2022,2,202206,202222,20220530,20220602,17:22.0,14,510113002,咸鸭蛋,溢流香1枚熟咸蛋60g,枚,16.5,16.5,1.65,10,生鲜,蛋类,包装蛋类,包装盐蛋
309,2022,2,202206,202222,20220530,20220602,20:25.0,14,510113002,咸鸭蛋,溢流香1枚熟咸蛋60g,枚,6.6,6.6,1.65,4,生鲜,蛋类,包装蛋类,包装盐蛋
359,2022,2,202206,202222,20220530,20220602,18:43.0,15,510113002,咸鸭蛋,溢流香1枚熟咸蛋60g,枚,9.9,9.9,1.65,6,生鲜,蛋类,包装蛋类,包装盐蛋
368,2022,2,202206,202222,20220530,20220602,41:41.0,15,510113002,咸鸭蛋,溢流香1枚熟咸蛋60g,枚,4.95,4.95,1.65,3,生鲜,蛋类,包装蛋类,包装盐蛋
375,2022,2,202206,202222,20220530,20220602,46:52.0,15,510113002,咸鸭蛋,溢流香1枚熟咸蛋60g,枚,9.9,9.9,1.65,6,生鲜,蛋类,包装蛋类,包装盐蛋
377,2022,2,202206,202222,20220530,20220602,48:51.0,15,510113002,咸鸭蛋,溢流香1枚熟咸蛋60g,枚,13.2,13.2,1.65,8,生鲜,蛋类,包装蛋类,包装盐蛋
389,2022,2,202206,202222,20220530,20220602,55:57.0,15,510113002,咸鸭蛋,溢流香1枚熟咸蛋60g,枚,1.65,1.65,1.65,1,生鲜,蛋类,包装蛋类,包装盐蛋
416,2022,2,202206,202222,20220530,20220602,11:02.0,16,510113002,咸鸭蛋,溢流香1枚熟咸蛋60g,枚,19.8,19.8,1.65,12,生鲜,蛋类,包装蛋类,包装盐蛋
442,2022,2,202206,202222,20220530,20220602,22:44.0,16,510113002,咸鸭蛋,溢流香1枚熟咸蛋60g,枚,16.5,16.5,1.65,10,生鲜,蛋类,包装蛋类,包装盐蛋
502,2022,2,202206,202222,20220530,20220602,46:43.0,16,510113002,咸鸭蛋,溢流香1枚熟咸蛋60g,枚,9.9,9.9,1.65,6,生鲜,蛋类,包装蛋类,包装盐蛋
508,2022,2,202206,202222,20220530,20220602,50:12.0,16,510113002,咸鸭蛋,溢流香1枚熟咸蛋60g,枚,8.25,8.25,1.65,5,生鲜,蛋类,包装蛋类,包装盐蛋
510,2022,2,202206,202222,20220530,20220602,50:17.0,16,510113002,咸鸭蛋,溢流香1枚熟咸蛋60g,枚,13.2,13.2,1.65,8,生鲜,蛋类,包装蛋类,包装盐蛋
513,2022,2,202206,202222,20220530,20220602,51:15.0,16,510113002,咸鸭蛋,溢流香1枚熟咸蛋60g,枚,9.9,9.9,1.65,6,生鲜,蛋类,包装蛋类,包装盐蛋
539,2022,2,202206,202222,20220530,20220602,01:01.0,17,510113002,咸鸭蛋,溢流香1枚熟咸蛋60g,枚,9.9,9.9,1.65,6,生鲜,蛋类,包装蛋类,包装盐蛋
575,2022,2,202206,202222,20220530,20220602,04:28.0,17,510113002,咸鸭蛋,溢流香1枚熟咸蛋60g,枚,24.75,24.75,1.65,15,生鲜,蛋类,包装蛋类,包装盐蛋
591,2022,2,202206,202222,20220530,20220602,12:32.0,17,510113002,咸鸭蛋,溢流香1枚熟咸蛋60g,枚,6.6,6.6,1.65,4,生鲜,蛋类,包装蛋类,包装盐蛋
609,2022,2,202206,202222,20220530,20220602,14:53.0,17,510113002,咸鸭蛋,溢流香1枚熟咸蛋60g,枚,3.3,3.3,1.65,2,生鲜,蛋类,包装蛋类,包装盐蛋
654,2022,2,202206,202222,20220530,20220602,34:10.0,17,510113002,咸鸭蛋,溢流香1枚熟咸蛋60g,枚,4.95,4.95,1.65,3,生鲜,蛋类,包装蛋类,包装盐蛋
671,2022,2,202206,202222,20220530,20220602,40:45.0,17,510113002,咸鸭蛋,溢流香1枚熟咸蛋60g,枚,4.9,4.9,1.63,3,生鲜,蛋类,包装蛋类,包装盐蛋
750,2022,2,202206,202222,20220530,20220602,12:55.0,18,510113002,咸鸭蛋,溢流香1枚熟咸蛋60g,枚,1.65,1.65,1.65,1,生鲜,蛋类,包装蛋类,包装盐蛋
783,2022,2,202206,202222,20220530,20220602,24:54.0,18,510113002,咸鸭蛋,溢流香1枚熟咸蛋60g,枚,9.9,9.9,1.65,6,生鲜,蛋类,包装蛋类,包装盐蛋
818,2022,2,202206,202222,20220530,20220602,31:05.0,18,510113002,咸鸭蛋,溢流香1枚熟咸蛋60g,枚,6.6,6.6,1.65,4,生鲜,蛋类,包装蛋类,包装盐蛋
831,2022,2,202206,202222,20220530,20220602,42:12.0,18,510113002,咸鸭蛋,溢流香1枚熟咸蛋60g,枚,19.8,19.8,1.65,12,生鲜,蛋类,包装蛋类,包装盐蛋
866,2022,2,202206,202222,20220530,20220602,55:33.0,18,510113002,咸鸭蛋,溢流香1枚熟咸蛋60g,枚,8.2,8.2,1.64,5,生鲜,蛋类,包装蛋类,包装盐蛋
868,2022,2,202206,202222,20220530,20220602,55:55.0,18,510113002,咸鸭蛋,溢流香1枚熟咸蛋60g,枚,9.9,9.9,1.65,6,生鲜,蛋类,包装蛋类,包装盐蛋
895,2022,2,202206,202222,20220530,20220602,01:00.0,19,510113002,咸鸭蛋,溢流香1枚熟咸蛋60g,枚,4.95,4.95,1.65,3,生鲜,蛋类,包装蛋类,包装盐蛋
907,2022,2,202206,202222,20220530,20220602,03:03.0,19,510113002,咸鸭蛋,溢流香1枚熟咸蛋60g,枚,8.25,8.25,1.65,5,生鲜,蛋类,包装蛋类,包装盐蛋
908,2022,2,202206,202222,20220530,20220603,59:09.0,9,510113002,咸鸭蛋,溢流香1枚熟咸蛋60g,枚,6.6,6.6,1.65,4,生鲜,蛋类,包装蛋类,包装盐蛋
1009,2022,2,202206,202223,20220606,20220609,17:10.0,16,510113002,咸鸭蛋,溢流香1枚熟咸蛋60g,枚,20,20,2,10,生鲜,蛋类,包装蛋类,包装盐蛋
34,2022,2,202206,202223,20220606,20220609,47:18.0,16,510113002,咸鸭蛋,溢流香1枚熟咸蛋60g,枚,10,10,2,5,生鲜,蛋类,包装蛋类,包装盐蛋
81,2022,2,202206,202223,20220606,20220609,58:34.0,16,510113002,咸鸭蛋,溢流香1枚熟咸蛋60g,枚,10,10,2,5,生鲜,蛋类,包装蛋类,包装盐蛋
105,2022,2,202206,202223,20220606,20220609,18:09.0,17,510113002,咸鸭蛋,溢流香1枚熟咸蛋60g,枚,12,12,2,6,生鲜,蛋类,包装蛋类,包装盐蛋
121,2022,2,202206,202223,20220606,20220609,31:54.0,17,510113002,咸鸭蛋,溢流香1枚熟咸蛋60g,枚,10,10,2,5,生鲜,蛋类,包装蛋类,包装盐蛋
192,2022,2,202206,202223,20220606,20220609,07:54.0,18,510113002,咸鸭蛋,溢流香1枚熟咸蛋60g,枚,4,4,2,2,生鲜,蛋类,包装蛋类,包装盐蛋
515,2022,2,202206,202223,20220606,20220610,08:42.0,8,510113002,咸鸭蛋,溢流香1枚熟咸蛋60g,枚,10,10,2,5,生鲜,蛋类,包装蛋类,包装盐蛋
541,2022,2,202206,202223,20220606,20220610,49:20.0,8,510113002,咸鸭蛋,溢流香1枚熟咸蛋60g,枚,12,12,2,6,生鲜,蛋类,包装蛋类,包装盐蛋
768,2022,2,202206,202223,20220606,20220610,49:28.0,10,510113002,咸鸭蛋,溢流香1枚熟咸蛋60g,枚,2,2,2,1,生鲜,蛋类,包装蛋类,包装盐蛋
844,2022,2,202206,202223,20220606,20220610,10:28.0,12,510113002,咸鸭蛋,溢流香1枚熟咸蛋60g,枚,4,4,2,2,生鲜,蛋类,包装蛋类,包装盐蛋
14,2022,2,202206,202223,20220606,20220610,53:40.0,13,510113002,咸鸭蛋,溢流香1枚熟咸蛋60g,枚,4,4,2,2,生鲜,蛋类,包装蛋类,包装盐蛋
241,2022,2,202206,202223,20220606,20220610,03:01.0,16,510113002,咸鸭蛋,溢流香1枚熟咸蛋60g,枚,6,6,2,3,生鲜,蛋类,包装蛋类,包装盐蛋
324,2022,2,202206,202223,20220606,20220610,28:25.0,16,510113002,咸鸭蛋,溢流香1枚熟咸蛋60g,枚,16,16,2,8,生鲜,蛋类,包装蛋类,包装盐蛋
409,2022,2,202206,202223,20220606,20220610,54:19.0,16,510113002,咸鸭蛋,溢流香1枚熟咸蛋60g,枚,14,14,2,7,生鲜,蛋类,包装蛋类,包装盐蛋
600,2022,2,202206,202223,20220606,20220610,20:35.0,18,510113002,咸鸭蛋,溢流香1枚熟咸蛋60g,枚,42,42,2,21,生鲜,蛋类,包装蛋类,包装盐蛋
777,2022,2,202206,202223,20220606,20220610,27:58.0,19,510113002,咸鸭蛋,溢流香1枚熟咸蛋60g,枚,12,12,2,6,生鲜,蛋类,包装蛋类,包装盐蛋
892,2022,2,202206,202223,20220606,20220610,51:17.0,19,510113002,咸鸭蛋,溢流香1枚熟咸蛋60g,枚,6,6,2,3,生鲜,蛋类,包装蛋类,包装盐蛋
202,2022,2,202206,202223,20220606,20220611,15:55.0,9,510113002,咸鸭蛋,溢流香1枚熟咸蛋60g,枚,8,8,2,4,生鲜,蛋类,包装蛋类,包装盐蛋
250,2022,2,202206,202223,20220606,20220611,36:46.0,9,510113002,咸鸭蛋,溢流香1枚熟咸蛋60g,枚,10,10,2,5,生鲜,蛋类,包装蛋类,包装盐蛋
369,2022,2,202206,202223,20220606,20220611,13:00.0,10,510113002,咸鸭蛋,溢流香1枚熟咸蛋60g,枚,4,4,2,2,生鲜,蛋类,包装蛋类,包装盐蛋
519,2022,2,202206,202223,20220606,20220611,06:32.0,11,510113002,咸鸭蛋,溢流香1枚熟咸蛋60g,枚,6,6,2,3,生鲜,蛋类,包装蛋类,包装盐蛋
555,2022,2,202206,202223,20220606,20220611,25:57.0,11,510113002,咸鸭蛋,溢流香1枚熟咸蛋60g,枚,16,16,2,8,生鲜,蛋类,包装蛋类,包装盐蛋
639,2022,2,202206,202223,20220606,20220611,32:23.0,12,510113002,咸鸭蛋,溢流香1枚熟咸蛋60g,枚,8,8,2,4,生鲜,蛋类,包装蛋类,包装盐蛋
676,2022,2,202206,202223,20220606,20220611,45:41.0,12,510113002,咸鸭蛋,溢流香1枚熟咸蛋60g,枚,10,10,2,5,生鲜,蛋类,包装蛋类,包装盐蛋
941,2022,2,202206,202223,20220606,20220611,51:46.0,15,510113002,咸鸭蛋,溢流香1枚熟咸蛋60g,枚,6,6,2,3,生鲜,蛋类,包装蛋类,包装盐蛋
976,2022,2,202206,202223,20220606,20220611,02:19.0,16,510113002,咸鸭蛋,溢流香1枚熟咸蛋60g,枚,4,4,2,2,生鲜,蛋类,包装蛋类,包装盐蛋
24,2022,2,202206,202223,20220606,20220611,36:11.0,16,510113002,咸鸭蛋,溢流香1枚熟咸蛋60g,枚,6,6,2,3,生鲜,蛋类,包装蛋类,包装盐蛋
310,2022,2,202206,202223,20220606,20220611,47:24.0,18,510113002,咸鸭蛋,溢流香1枚熟咸蛋60g,枚,4,4,2,2,生鲜,蛋类,包装蛋类,包装盐蛋
422,2022,2,202206,202223,20220606,20220611,33:21.0,19,510113002,咸鸭蛋,溢流香1枚熟咸蛋60g,枚,4,4,2,2,生鲜,蛋类,包装蛋类,包装盐蛋
494,2022,2,202206,202223,20220606,20220611,54:25.0,19,510113002,咸鸭蛋,溢流香1枚熟咸蛋60g,枚,4,4,2,2,生鲜,蛋类,包装蛋类,包装盐蛋
543,2022,2,202206,202223,20220606,20220611,13:43.0,20,510113002,咸鸭蛋,溢流香1枚熟咸蛋60g,枚,4,4,2,2,生鲜,蛋类,包装蛋类,包装盐蛋
708,2022,2,202206,202223,20220606,20220611,19:52.0,21,510113002,咸鸭蛋,溢流香1枚熟咸蛋60g,枚,8,8,2,4,生鲜,蛋类,包装蛋类,包装盐蛋
709,2022,2,202206,202223,20220606,20220611,20:42.0,21,510113002,咸鸭蛋,溢流香1枚熟咸蛋60g,枚,6,6,2,3,生鲜,蛋类,包装蛋类,包装盐蛋
796,2022,2,202206,202223,20220606,20220612,21:04.0,8,510113002,咸鸭蛋,溢流香1枚熟咸蛋60g,枚,6,6,2,3,生鲜,蛋类,包装蛋类,包装盐蛋
867,2022,2,202206,202223,20220606,20220612,07:10.0,9,510113002,咸鸭蛋,溢流香1枚熟咸蛋60g,枚,40,40,2,20,生鲜,蛋类,包装蛋类,包装盐蛋
934,2022,2,202206,202223,20220606,20220612,31:21.0,9,510113002,咸鸭蛋,溢流香1枚熟咸蛋60g,枚,2,2,2,1,生鲜,蛋类,包装蛋类,包装盐蛋
15,2022,2,202206,202223,20220606,20220612,15:14.0,10,510113002,咸鸭蛋,溢流香1枚熟咸蛋60g,枚,2,2,2,1,生鲜,蛋类,包装蛋类,包装盐蛋
138,2022,2,202206,202223,20220606,20220612,46:07.0,10,510113002,咸鸭蛋,溢流香1枚熟咸蛋60g,枚,20,20,2,10,生鲜,蛋类,包装蛋类,包装盐蛋
193,2022,2,202206,202223,20220606,20220612,10:28.0,11,510113002,咸鸭蛋,溢流香1枚熟咸蛋60g,枚,10,10,2,5,生鲜,蛋类,包装蛋类,包装盐蛋
216,2022,2,202206,202223,20220606,20220612,25:31.0,11,510113002,咸鸭蛋,溢流香1枚熟咸蛋60g,枚,8,8,2,4,生鲜,蛋类,包装蛋类,包装盐蛋
224,2022,2,202206,202223,20220606,20220612,31:02.0,11,510113002,咸鸭蛋,溢流香1枚熟咸蛋60g,枚,10,10,2,5,生鲜,蛋类,包装蛋类,包装盐蛋
312,2022,2,202206,202223,20220606,20220612,06:45.0,12,510113002,咸鸭蛋,溢流香1枚熟咸蛋60g,枚,6,6,2,3,生鲜,蛋类,包装蛋类,包装盐蛋
630,2022,2,202206,202223,20220606,20220612,09:42.0,15,510113002,咸鸭蛋,溢流香1枚熟咸蛋60g,枚,4,4,2,2,生鲜,蛋类,包装蛋类,包装盐蛋
788,2022,2,202206,202223,20220606,20220612,01:11.0,16,510113002,咸鸭蛋,溢流香1枚熟咸蛋60g,枚,12,12,2,6,生鲜,蛋类,包装蛋类,包装盐蛋
124,2022,2,202206,202223,20220606,20220612,27:09.0,18,510113002,咸鸭蛋,溢流香1枚熟咸蛋60g,枚,14,14,2,7,生鲜,蛋类,包装蛋类,包装盐蛋
409,2022,2,202206,202223,20220606,20220612,26:20.0,20,510113002,咸鸭蛋,溢流香1枚熟咸蛋60g,枚,32,32,2,16,生鲜,蛋类,包装蛋类,包装盐蛋
519,2022,2,202206,202224,20220613,20220613,36:48.0,8,510113002,咸鸭蛋,溢流香1枚熟咸蛋60g,枚,20,20,2,10,生鲜,蛋类,包装蛋类,包装盐蛋
742,2022,2,202206,202224,20220613,20220613,36:13.0,10,510113002,咸鸭蛋,溢流香1枚熟咸蛋60g,枚,10,10,2,5,生鲜,蛋类,包装蛋类,包装盐蛋
90,2022,2,202206,202224,20220613,20220613,46:26.0,14,510113002,咸鸭蛋,溢流香1枚熟咸蛋60g,枚,4,4,2,2,生鲜,蛋类,包装蛋类,包装盐蛋
250,2022,2,202206,202224,20220613,20220613,13:52.0,17,510113002,咸鸭蛋,溢流香1枚熟咸蛋60g,枚,10,10,2,5,生鲜,蛋类,包装蛋类,包装盐蛋
290,2022,2,202206,202224,20220613,20220613,27:36.0,17,510113002,咸鸭蛋,溢流香1枚熟咸蛋60g,枚,8,8,2,4,生鲜,蛋类,包装蛋类,包装盐蛋
519,2022,2,202206,202224,20220613,20220613,45:47.0,19,510113002,咸鸭蛋,溢流香1枚熟咸蛋60g,枚,8,8,2,4,生鲜,蛋类,包装蛋类,包装盐蛋
924,2022,2,202206,202224,20220613,20220614,37:03.0,10,510113002,咸鸭蛋,溢流香1枚熟咸蛋60g,枚,6,6,2,3,生鲜,蛋类,包装蛋类,包装盐蛋
944,2022,2,202206,202224,20220613,20220614,46:27.0,10,510113002,咸鸭蛋,溢流香1枚熟咸蛋60g,枚,4,4,2,2,生鲜,蛋类,包装蛋类,包装盐蛋
1017,2022,2,202206,202224,20220613,20220614,21:14.0,11,510113002,咸鸭蛋,溢流香1枚熟咸蛋60g,枚,4,4,2,2,生鲜,蛋类,包装蛋类,包装盐蛋
33,2022,2,202206,202224,20220613,20220614,41:07.0,11,510113002,咸鸭蛋,溢流香1枚熟咸蛋60g,枚,8,8,2,4,生鲜,蛋类,包装蛋类,包装盐蛋
246,2022,2,202206,202224,20220613,20220614,51:34.0,14,510113002,咸鸭蛋,溢流香1枚熟咸蛋60g,枚,6,6,2,3,生鲜,蛋类,包装蛋类,包装盐蛋
309,2022,2,202206,202224,20220613,20220614,52:52.0,15,510113002,咸鸭蛋,溢流香1枚熟咸蛋60g,枚,8,8,2,4,生鲜,蛋类,包装蛋类,包装盐蛋
604,2022,2,202206,202224,20220613,20220614,14:39.0,18,510113002,咸鸭蛋,溢流香1枚熟咸蛋60g,枚,20,20,2,10,生鲜,蛋类,包装蛋类,包装盐蛋
824,2022,2,202206,202224,20220613,20220614,22:42.0,20,510113002,咸鸭蛋,溢流香1枚熟咸蛋60g,枚,2,2,2,1,生鲜,蛋类,包装蛋类,包装盐蛋
945,2022,2,202206,202224,20220613,20220615,36:22.0,7,510113002,咸鸭蛋,溢流香1枚熟咸蛋60g,枚,4,4,2,2,生鲜,蛋类,包装蛋类,包装盐蛋
301,2022,2,202206,202224,20220613,20220615,56:15.0,11,510113002,咸鸭蛋,溢流香1枚熟咸蛋60g,枚,14,14,2,7,生鲜,蛋类,包装蛋类,包装盐蛋
368,2022,2,202206,202224,20220613,20220615,42:00.0,12,510113002,咸鸭蛋,溢流香1枚熟咸蛋60g,枚,10,10,2,5,生鲜,蛋类,包装蛋类,包装盐蛋
603,2022,2,202206,202224,20220613,20220615,13:47.0,16,510113002,咸鸭蛋,溢流香1枚熟咸蛋60g,枚,8,8,2,4,生鲜,蛋类,包装蛋类,包装盐蛋
767,2022,2,202206,202224,20220613,20220615,33:08.0,17,510113002,咸鸭蛋,溢流香1枚熟咸蛋60g,枚,4,4,2,2,生鲜,蛋类,包装蛋类,包装盐蛋
772,2022,2,202206,202224,20220613,20220615,34:09.0,17,510113002,咸鸭蛋,溢流香1枚熟咸蛋60g,枚,10,10,2,5,生鲜,蛋类,包装蛋类,包装盐蛋
802,2022,2,202206,202224,20220613,20220615,58:16.0,17,510113002,咸鸭蛋,溢流香1枚熟咸蛋60g,枚,8,8,2,4,生鲜,蛋类,包装蛋类,包装盐蛋
223,2022,2,202206,202224,20220613,20220615,32:16.0,21,510113002,咸鸭蛋,溢流香1枚熟咸蛋60g,枚,2,2,2,1,生鲜,蛋类,包装蛋类,包装盐蛋
320,2022,2,202206,202224,20220613,20220616,28:25.0,8,510113002,咸鸭蛋,溢流香1枚熟咸蛋60g,枚,2,2,2,1,生鲜,蛋类,包装蛋类,包装盐蛋
358,2022,2,202206,202224,20220613,20220616,47:08.0,8,510113002,咸鸭蛋,溢流香1枚熟咸蛋60g,枚,10,10,2,5,生鲜,蛋类,包装蛋类,包装盐蛋
391,2022,2,202206,202224,20220613,20220616,52:20.0,8,510113002,咸鸭蛋,溢流香1枚熟咸蛋60g,枚,10,10,2,5,生鲜,蛋类,包装蛋类,包装盐蛋
443,2022,2,202206,202224,20220613,20220616,13:15.0,9,510113002,咸鸭蛋,溢流香1枚熟咸蛋60g,枚,12,12,2,6,生鲜,蛋类,包装蛋类,包装盐蛋
480,2022,2,202206,202224,20220613,20220616,29:19.0,9,510113002,咸鸭蛋,溢流香1枚熟咸蛋60g,枚,6,6,2,3,生鲜,蛋类,包装蛋类,包装盐蛋
485,2022,2,202206,202224,20220613,20220616,30:58.0,9,510113002,咸鸭蛋,溢流香1枚熟咸蛋60g,枚,4,4,2,2,生鲜,蛋类,包装蛋类,包装盐蛋
899,2022,2,202206,202224,20220613,20220616,06:25.0,15,510113002,咸鸭蛋,溢流香1枚熟咸蛋60g,枚,4,4,2,2,生鲜,蛋类,包装蛋类,包装盐蛋
954,2022,2,202206,202224,20220613,20220616,38:43.0,15,510113002,咸鸭蛋,溢流香1枚熟咸蛋60g,枚,8,8,2,4,生鲜,蛋类,包装蛋类,包装盐蛋
98,2022,2,202206,202224,20220613,20220616,17:43.0,17,510113002,咸鸭蛋,溢流香1枚熟咸蛋60g,枚,8,8,2,4,生鲜,蛋类,包装蛋类,包装盐蛋
173,2022,2,202206,202224,20220613,20220616,47:55.0,17,510113002,咸鸭蛋,溢流香1枚熟咸蛋60g,枚,6,6,2,3,生鲜,蛋类,包装蛋类,包装盐蛋
178,2022,2,202206,202224,20220613,20220616,50:19.0,17,510113002,咸鸭蛋,溢流香1枚熟咸蛋60g,枚,10,10,2,5,生鲜,蛋类,包装蛋类,包装盐蛋
470,2022,2,202206,202224,20220613,20220616,08:00.0,20,510113002,咸鸭蛋,溢流香1枚熟咸蛋60g,枚,4,4,2,2,生鲜,蛋类,包装蛋类,包装盐蛋
639,2022,2,202206,202224,20220613,20220617,33:11.0,7,510113002,咸鸭蛋,溢流香1枚熟咸蛋60g,枚,4,4,2,2,生鲜,蛋类,包装蛋类,包装盐蛋
743,2022,2,202206,202224,20220613,20220617,52:13.0,8,510113002,咸鸭蛋,溢流香1枚熟咸蛋60g,枚,4,4,2,2,生鲜,蛋类,包装蛋类,包装盐蛋
67,2022,2,202206,202224,20220613,20220617,29:45.0,12,510113002,咸鸭蛋,溢流香1枚熟咸蛋60g,枚,4,4,2,2,生鲜,蛋类,包装蛋类,包装盐蛋
221,2022,2,202206,202224,20220613,20220617,21:36.0,15,510113002,咸鸭蛋,溢流香1枚熟咸蛋60g,枚,8,8,2,4,生鲜,蛋类,包装蛋类,包装盐蛋
287,2022,2,202206,202224,20220613,20220617,55:47.0,15,510113002,咸鸭蛋,溢流香1枚熟咸蛋60g,枚,6,6,2,3,生鲜,蛋类,包装蛋类,包装盐蛋
414,2022,2,202206,202224,20220613,20220617,49:59.0,16,510113002,咸鸭蛋,溢流香1枚熟咸蛋60g,枚,4,4,2,2,生鲜,蛋类,包装蛋类,包装盐蛋
557,2022,2,202206,202224,20220613,20220617,08:23.0,18,510113002,咸鸭蛋,溢流香1枚熟咸蛋60g,枚,8,8,2,4,生鲜,蛋类,包装蛋类,包装盐蛋
784,2022,2,202206,202224,20220613,20220617,15:26.0,20,510113002,咸鸭蛋,溢流香1枚熟咸蛋60g,枚,6,6,2,3,生鲜,蛋类,包装蛋类,包装盐蛋
395,2022,2,202206,202224,20220613,20220618,47:34.0,10,510113002,咸鸭蛋,溢流香1枚熟咸蛋60g,枚,20,20,2,10,生鲜,蛋类,包装蛋类,包装盐蛋
408,2022,2,202206,202224,20220613,20220618,52:58.0,10,510113002,咸鸭蛋,溢流香1枚熟咸蛋60g,枚,4,4,2,2,生鲜,蛋类,包装蛋类,包装盐蛋
565,2022,2,202206,202224,20220613,20220618,54:29.0,11,510113002,咸鸭蛋,溢流香1枚熟咸蛋60g,枚,2,2,2,1,生鲜,蛋类,包装蛋类,包装盐蛋
795,2022,2,202206,202224,20220613,20220618,16:39.0,14,510113002,咸鸭蛋,溢流香1枚熟咸蛋60g,枚,4,4,2,2,生鲜,蛋类,包装蛋类,包装盐蛋
823,2022,2,202206,202224,20220613,20220618,40:56.0,14,510113002,咸鸭蛋,溢流香1枚熟咸蛋60g,枚,10,10,2,5,生鲜,蛋类,包装蛋类,包装盐蛋
834,2022,2,202206,202224,20220613,20220618,53:08.0,14,510113002,咸鸭蛋,溢流香1枚熟咸蛋60g,枚,4,4,2,2,生鲜,蛋类,包装蛋类,包装盐蛋
68,2022,2,202206,202224,20220613,20220618,41:56.0,16,510113002,咸鸭蛋,溢流香1枚熟咸蛋60g,枚,4,4,2,2,生鲜,蛋类,包装蛋类,包装盐蛋
328,2022,2,202206,202224,20220613,20220618,03:41.0,19,510113002,咸鸭蛋,溢流香1枚熟咸蛋60g,枚,10,10,2,5,生鲜,蛋类,包装蛋类,包装盐蛋
762,2022,2,202206,202224,20220613,20220619,13:17.0,10,510113002,咸鸭蛋,溢流香1枚熟咸蛋60g,枚,4,4,2,2,生鲜,蛋类,包装蛋类,包装盐蛋
788,2022,2,202206,202224,20220613,20220619,21:09.0,10,510113002,咸鸭蛋,溢流香1枚熟咸蛋60g,枚,6,6,2,3,生鲜,蛋类,包装蛋类,包装盐蛋
827,2022,2,202206,202224,20220613,20220619,33:58.0,10,510113002,咸鸭蛋,溢流香1枚熟咸蛋60g,枚,10,10,2,5,生鲜,蛋类,包装蛋类,包装盐蛋
969,2022,2,202206,202224,20220613,20220619,16:48.0,11,510113002,咸鸭蛋,溢流香1枚熟咸蛋60g,枚,12,12,2,6,生鲜,蛋类,包装蛋类,包装盐蛋
980,2022,2,202206,202224,20220613,20220619,22:19.0,11,510113002,咸鸭蛋,溢流香1枚熟咸蛋60g,枚,20,20,2,10,生鲜,蛋类,包装蛋类,包装盐蛋
120,2022,2,202206,202224,20220613,20220619,18:05.0,13,510113002,咸鸭蛋,溢流香1枚熟咸蛋60g,枚,4,4,2,2,生鲜,蛋类,包装蛋类,包装盐蛋
313,2022,2,202206,202224,20220613,20220619,31:29.0,14,510113002,咸鸭蛋,溢流香1枚熟咸蛋60g,枚,12,12,2,6,生鲜,蛋类,包装蛋类,包装盐蛋
649,2022,2,202206,202224,20220613,20220619,03:47.0,16,510113002,咸鸭蛋,溢流香1枚熟咸蛋60g,枚,8,8,2,4,生鲜,蛋类,包装蛋类,包装盐蛋
31,2022,2,202206,202224,20220613,20220619,58:08.0,18,510113002,咸鸭蛋,溢流香1枚熟咸蛋60g,枚,10,10,2,5,生鲜,蛋类,包装蛋类,包装盐蛋
99,2022,2,202206,202224,20220613,20220619,24:33.0,19,510113002,咸鸭蛋,溢流香1枚熟咸蛋60g,枚,10,10,2,5,生鲜,蛋类,包装蛋类,包装盐蛋
667,2022,2,202206,202225,20220620,20220620,09:14.0,10,510113002,咸鸭蛋,溢流香1枚熟咸蛋60g,枚,18,18,2,9,生鲜,蛋类,包装蛋类,包装盐蛋
1021,2022,2,202206,202225,20220620,20220620,12:52.0,15,510113002,咸鸭蛋,溢流香1枚熟咸蛋60g,枚,10,10,2,5,生鲜,蛋类,包装蛋类,包装盐蛋
323,2022,2,202206,202225,20220620,20220620,49:45.0,17,510113002,咸鸭蛋,溢流香1枚熟咸蛋60g,枚,4,4,2,2,生鲜,蛋类,包装蛋类,包装盐蛋
570,2022,2,202206,202225,20220620,20220620,33:18.0,19,510113002,咸鸭蛋,溢流香1枚熟咸蛋60g,枚,10,10,2,5,生鲜,蛋类,包装蛋类,包装盐蛋
673,2022,2,202206,202225,20220620,20220620,04:07.0,20,510113002,咸鸭蛋,溢流香1枚熟咸蛋60g,枚,4,4,2,2,生鲜,蛋类,包装蛋类,包装盐蛋
750,2022,2,202206,202225,20220620,20220620,27:34.0,20,510113002,咸鸭蛋,溢流香1枚熟咸蛋60g,枚,12,12,2,6,生鲜,蛋类,包装蛋类,包装盐蛋
803,2022,2,202206,202225,20220620,20220620,42:03.0,20,510113002,咸鸭蛋,溢流香1枚熟咸蛋60g,枚,2,2,2,1,生鲜,蛋类,包装蛋类,包装盐蛋
25,2022,2,202206,202225,20220620,20220621,59:42.0,8,510113002,咸鸭蛋,溢流香1枚熟咸蛋60g,枚,20,20,2,10,生鲜,蛋类,包装蛋类,包装盐蛋
113,2022,2,202206,202225,20220620,20220621,42:08.0,9,510113002,咸鸭蛋,溢流香1枚熟咸蛋60g,枚,10,10,2,5,生鲜,蛋类,包装蛋类,包装盐蛋
136,2022,2,202206,202225,20220620,20220621,48:35.0,9,510113002,咸鸭蛋,溢流香1枚熟咸蛋60g,枚,4,4,2,2,生鲜,蛋类,包装蛋类,包装盐蛋
193,2022,2,202206,202225,20220620,20220621,10:37.0,10,510113002,咸鸭蛋,溢流香1枚熟咸蛋60g,枚,4,4,2,2,生鲜,蛋类,包装蛋类,包装盐蛋
441,2022,2,202206,202225,20220620,20220621,35:12.0,12,510113002,咸鸭蛋,溢流香1枚熟咸蛋60g,枚,20,20,2,10,生鲜,蛋类,包装蛋类,包装盐蛋
528,2022,2,202206,202225,20220620,20220621,49:52.0,13,510113002,咸鸭蛋,溢流香1枚熟咸蛋60g,枚,2,2,2,1,生鲜,蛋类,包装蛋类,包装盐蛋
578,2022,2,202206,202225,20220620,20220621,44:21.0,14,510113002,咸鸭蛋,溢流香1枚熟咸蛋60g,枚,4,4,2,2,生鲜,蛋类,包装蛋类,包装盐蛋
633,2022,2,202206,202225,20220620,20220621,05:29.0,15,510113002,咸鸭蛋,溢流香1枚熟咸蛋60g,枚,12,12,2,6,生鲜,蛋类,包装蛋类,包装盐蛋
749,2022,2,202206,202225,20220620,20220621,28:37.0,16,510113002,咸鸭蛋,溢流香1枚熟咸蛋60g,枚,10,10,2,5,生鲜,蛋类,包装蛋类,包装盐蛋
836,2022,2,202206,202225,20220620,20220621,05:23.0,17,510113002,咸鸭蛋,溢流香1枚熟咸蛋60g,枚,4,4,2,2,生鲜,蛋类,包装蛋类,包装盐蛋
906,2022,2,202206,202225,20220620,20220621,27:34.0,17,510113002,咸鸭蛋,溢流香1枚熟咸蛋60g,枚,2,2,2,1,生鲜,蛋类,包装蛋类,包装盐蛋
957,2022,2,202206,202225,20220620,20220621,49:17.0,17,510113002,咸鸭蛋,溢流香1枚熟咸蛋60g,枚,4,4,2,2,生鲜,蛋类,包装蛋类,包装盐蛋
19,2022,2,202206,202225,20220620,20220621,26:43.0,18,510113002,咸鸭蛋,溢流香1枚熟咸蛋60g,枚,6,6,2,3,生鲜,蛋类,包装蛋类,包装盐蛋
316,2022,2,202206,202225,20220620,20220621,32:01.0,20,510113002,咸鸭蛋,溢流香1枚熟咸蛋60g,枚,8,8,2,4,生鲜,蛋类,包装蛋类,包装盐蛋
586,2022,2,202206,202225,20220620,20220622,11:50.0,9,510113002,咸鸭蛋,溢流香1枚熟咸蛋60g,枚,10,10,2,5,生鲜,蛋类,包装蛋类,包装盐蛋
807,2022,2,202206,202225,20220620,20220622,05:11.0,11,510113002,咸鸭蛋,溢流香1枚熟咸蛋60g,枚,8,8,2,4,生鲜,蛋类,包装蛋类,包装盐蛋
843,2022,2,202206,202225,20220620,20220622,16:59.0,11,510113002,咸鸭蛋,溢流香1枚熟咸蛋60g,枚,8,8,2,4,生鲜,蛋类,包装蛋类,包装盐蛋
481,2022,2,202206,202225,20220620,20220622,56:41.0,17,510113002,咸鸭蛋,溢流香1枚熟咸蛋60g,枚,2,2,2,1,生鲜,蛋类,包装蛋类,包装盐蛋
979,2022,2,202206,202225,20220620,20220623,44:45.0,8,510113002,咸鸭蛋,溢流香1枚熟咸蛋60g,枚,6,6,2,3,生鲜,蛋类,包装蛋类,包装盐蛋
854,2022,2,202206,202225,20220620,20220623,32:58.0,10,510113002,咸鸭蛋,溢流香1枚熟咸蛋60g,枚,4,4,2,2,生鲜,蛋类,包装蛋类,包装盐蛋
115,2022,2,202206,202225,20220620,20220623,59:18.0,10,510113002,咸鸭蛋,溢流香1枚熟咸蛋60g,枚,10,10,2,5,生鲜,蛋类,包装蛋类,包装盐蛋
770,2022,2,202206,202225,20220620,20220623,41:42.0,17,510113002,咸鸭蛋,溢流香1枚熟咸蛋60g,枚,4,4,2,2,生鲜,蛋类,包装蛋类,包装盐蛋
905,2022,2,202206,202225,20220620,20220623,02:22.0,19,510113002,咸鸭蛋,溢流香1枚熟咸蛋60g,枚,10,10,2,5,生鲜,蛋类,包装蛋类,包装盐蛋
11,2022,2,202206,202225,20220620,20220623,45:28.0,19,510113002,咸鸭蛋,溢流香1枚熟咸蛋60g,枚,20,20,2,10,生鲜,蛋类,包装蛋类,包装盐蛋
66,2022,2,202206,202225,20220620,20220623,02:02.0,20,510113002,咸鸭蛋,溢流香1枚熟咸蛋60g,枚,10,10,2,5,生鲜,蛋类,包装蛋类,包装盐蛋
534,2022,2,202206,202225,20220620,20220624,32:11.0,9,510113002,咸鸭蛋,溢流香1枚熟咸蛋60g,枚,10,10,2,5,生鲜,蛋类,包装蛋类,包装盐蛋
611,2022,2,202206,202225,20220620,20220624,04:48.0,10,510113002,咸鸭蛋,溢流香1枚熟咸蛋60g,枚,16,16,2,8,生鲜,蛋类,包装蛋类,包装盐蛋
780,2022,2,202206,202225,20220620,20220624,04:30.0,11,510113002,咸鸭蛋,溢流香1枚熟咸蛋60g,枚,6,6,2,3,生鲜,蛋类,包装蛋类,包装盐蛋
867,2022,2,202206,202225,20220620,20220624,56:37.0,11,510113002,咸鸭蛋,溢流香1枚熟咸蛋60g,枚,12,12,2,6,生鲜,蛋类,包装蛋类,包装盐蛋
972,2022,2,202206,202225,20220620,20220624,25:57.0,14,510113002,咸鸭蛋,溢流香1枚熟咸蛋60g,枚,8,8,2,4,生鲜,蛋类,包装蛋类,包装盐蛋
61,2022,2,202206,202225,20220620,20220624,52:28.0,15,510113002,咸鸭蛋,溢流香1枚熟咸蛋60g,枚,18,18,2,9,生鲜,蛋类,包装蛋类,包装盐蛋
177,2022,2,202206,202225,20220620,20220624,56:50.0,16,510113002,咸鸭蛋,溢流香1枚熟咸蛋60g,枚,10,10,2,5,生鲜,蛋类,包装蛋类,包装盐蛋
204,2022,2,202206,202225,20220620,20220624,05:09.0,17,510113002,咸鸭蛋,溢流香1枚熟咸蛋60g,枚,4,4,2,2,生鲜,蛋类,包装蛋类,包装盐蛋
411,2022,2,202206,202225,20220620,20220624,29:11.0,18,510113002,咸鸭蛋,溢流香1枚熟咸蛋60g,枚,12,12,2,6,生鲜,蛋类,包装蛋类,包装盐蛋
557,2022,2,202206,202225,20220620,20220624,26:00.0,19,510113002,咸鸭蛋,溢流香1枚熟咸蛋60g,枚,20,20,2,10,生鲜,蛋类,包装蛋类,包装盐蛋
588,2022,2,202206,202225,20220620,20220624,35:24.0,19,510113002,咸鸭蛋,溢流香1枚熟咸蛋60g,枚,10,10,2,5,生鲜,蛋类,包装蛋类,包装盐蛋
646,2022,2,202206,202225,20220620,20220624,52:07.0,19,510113002,咸鸭蛋,溢流香1枚熟咸蛋60g,枚,22,22,2,11,生鲜,蛋类,包装蛋类,包装盐蛋
710,2022,2,202206,202225,20220620,20220624,16:05.0,20,510113002,咸鸭蛋,溢流香1枚熟咸蛋60g,枚,8,8,2,4,生鲜,蛋类,包装蛋类,包装盐蛋
747,2022,2,202206,202225,20220620,20220624,26:36.0,20,510113002,咸鸭蛋,溢流香1枚熟咸蛋60g,枚,20,20,2,10,生鲜,蛋类,包装蛋类,包装盐蛋
913,2022,2,202206,202225,20220620,20220625,37:47.0,7,510113002,咸鸭蛋,溢流香1枚熟咸蛋60g,枚,16,16,2,8,生鲜,蛋类,包装蛋类,包装盐蛋
289,2022,2,202206,202225,20220620,20220625,21:03.0,10,510113002,咸鸭蛋,溢流香1枚熟咸蛋60g,枚,4,4,2,2,生鲜,蛋类,包装蛋类,包装盐蛋
9,2022,2,202206,202225,20220620,20220625,09:22.0,16,510113002,咸鸭蛋,溢流香1枚熟咸蛋60g,枚,6,6,2,3,生鲜,蛋类,包装蛋类,包装盐蛋
407,2022,2,202206,202225,20220620,20220625,55:12.0,18,510113002,咸鸭蛋,溢流香1枚熟咸蛋60g,枚,10,10,2,5,生鲜,蛋类,包装蛋类,包装盐蛋
467,2022,2,202206,202225,20220620,20220625,24:26.0,19,510113002,咸鸭蛋,溢流香1枚熟咸蛋60g,枚,10,10,2,5,生鲜,蛋类,包装蛋类,包装盐蛋
598,2022,2,202206,202225,20220620,20220625,52:26.0,19,510113002,咸鸭蛋,溢流香1枚熟咸蛋60g,枚,2,2,2,1,生鲜,蛋类,包装蛋类,包装盐蛋
607,2022,2,202206,202225,20220620,20220625,54:51.0,19,510113002,咸鸭蛋,溢流香1枚熟咸蛋60g,枚,247.5,247.5,1.65,150,生鲜,蛋类,包装蛋类,包装盐蛋
787,2022,2,202206,202225,20220620,20220625,40:53.0,20,510113002,咸鸭蛋,溢流香1枚熟咸蛋60g,枚,8,8,2,4,生鲜,蛋类,包装蛋类,包装盐蛋
942,2022,2,202206,202225,20220620,20220626,48:22.0,7,510113002,咸鸭蛋,溢流香1枚熟咸蛋60g,枚,16,16,2,8,生鲜,蛋类,包装蛋类,包装盐蛋
966,2022,2,202206,202225,20220620,20220626,22:06.0,8,510113002,咸鸭蛋,溢流香1枚熟咸蛋60g,枚,20,20,2,10,生鲜,蛋类,包装蛋类,包装盐蛋
30,2022,2,202206,202225,20220620,20220626,00:43.0,9,510113002,咸鸭蛋,溢流香1枚熟咸蛋60g,枚,6,6,2,3,生鲜,蛋类,包装蛋类,包装盐蛋
170,2022,2,202206,202225,20220620,20220626,41:20.0,9,510113002,咸鸭蛋,溢流香1枚熟咸蛋60g,枚,14,14,2,7,生鲜,蛋类,包装蛋类,包装盐蛋
483,2022,2,202206,202225,20220620,20220626,52:21.0,10,510113002,咸鸭蛋,溢流香1枚熟咸蛋60g,枚,16,16,2,8,生鲜,蛋类,包装蛋类,包装盐蛋
194,2022,2,202206,202225,20220620,20220626,53:31.0,16,510113002,咸鸭蛋,溢流香1枚熟咸蛋60g,枚,4,4,2,2,生鲜,蛋类,包装蛋类,包装盐蛋
246,2022,2,202206,202225,20220620,20220626,22:01.0,17,510113002,咸鸭蛋,溢流香1枚熟咸蛋60g,枚,10,10,2,5,生鲜,蛋类,包装蛋类,包装盐蛋
636,2022,2,202206,202225,20220620,20220626,48:46.0,19,510113002,咸鸭蛋,溢流香1枚熟咸蛋60g,枚,12,12,2,6,生鲜,蛋类,包装蛋类,包装盐蛋
667,2022,2,202206,202225,20220620,20220626,56:15.0,19,510113002,咸鸭蛋,溢流香1枚熟咸蛋60g,枚,4,4,2,2,生鲜,蛋类,包装蛋类,包装盐蛋
939,2022,2,202206,202226,20220627,20220627,03:14.0,7,510113002,咸鸭蛋,溢流香1枚熟咸蛋60g,枚,16,16,2,8,生鲜,蛋类,包装蛋类,包装盐蛋
1015,2022,2,202206,202226,20220627,20220627,24:37.0,8,510113002,咸鸭蛋,溢流香1枚熟咸蛋60g,枚,4,4,2,2,生鲜,蛋类,包装蛋类,包装盐蛋
390,2022,2,202206,202226,20220627,20220627,23:46.0,11,510113002,咸鸭蛋,溢流香1枚熟咸蛋60g,枚,10,10,2,5,生鲜,蛋类,包装蛋类,包装盐蛋
554,2022,2,202206,202226,20220627,20220627,33:25.0,13,510113002,咸鸭蛋,溢流香1枚熟咸蛋60g,枚,6,6,2,3,生鲜,蛋类,包装蛋类,包装盐蛋
898,2022,2,202206,202226,20220627,20220627,36:08.0,17,510113002,咸鸭蛋,溢流香1枚熟咸蛋60g,枚,6,6,2,3,生鲜,蛋类,包装蛋类,包装盐蛋
977,2022,2,202206,202226,20220627,20220627,08:02.0,18,510113002,咸鸭蛋,溢流香1枚熟咸蛋60g,枚,2,2,2,1,生鲜,蛋类,包装蛋类,包装盐蛋
21,2022,2,202206,202226,20220627,20220627,44:01.0,18,510113002,咸鸭蛋,溢流香1枚熟咸蛋60g,枚,6,6,2,3,生鲜,蛋类,包装蛋类,包装盐蛋
779,2022,2,202206,202226,20220627,20220628,04:32.0,10,510113002,咸鸭蛋,溢流香1枚熟咸蛋60g,枚,2,2,2,1,生鲜,蛋类,包装蛋类,包装盐蛋
1006,2022,2,202206,202226,20220627,20220628,52:17.0,11,510113002,咸鸭蛋,溢流香1枚熟咸蛋60g,枚,10,10,2,5,生鲜,蛋类,包装蛋类,包装盐蛋
177,2022,2,202206,202226,20220627,20220628,59:19.0,14,510113002,咸鸭蛋,溢流香1枚熟咸蛋60g,枚,10,10,2,5,生鲜,蛋类,包装蛋类,包装盐蛋
333,2022,2,202206,202226,20220627,20220628,31:56.0,16,510113002,咸鸭蛋,溢流香1枚熟咸蛋60g,枚,4,4,2,2,生鲜,蛋类,包装蛋类,包装盐蛋
336,2022,2,202206,202226,20220627,20220628,33:54.0,16,510113002,咸鸭蛋,溢流香1枚熟咸蛋60g,枚,4,4,2,2,生鲜,蛋类,包装蛋类,包装盐蛋
689,2022,2,202206,202226,20220627,20220628,08:13.0,19,510113002,咸鸭蛋,溢流香1枚熟咸蛋60g,枚,10,10,2,5,生鲜,蛋类,包装蛋类,包装盐蛋
1023,2022,2,202206,202226,20220627,20220628,35:39.0,20,510113002,咸鸭蛋,溢流香1枚熟咸蛋60g,枚,2,2,2,1,生鲜,蛋类,包装蛋类,包装盐蛋
165,2022,2,202206,202226,20220627,20220629,07:47.0,7,510113002,咸鸭蛋,溢流香1枚熟咸蛋60g,枚,4,4,2,2,生鲜,蛋类,包装蛋类,包装盐蛋
341,2022,2,202206,202226,20220627,20220629,20:41.0,9,510113002,咸鸭蛋,溢流香1枚熟咸蛋60g,枚,6,6,2,3,生鲜,蛋类,包装蛋类,包装盐蛋
490,2022,2,202206,202226,20220627,20220629,57:39.0,9,510113002,咸鸭蛋,溢流香1枚熟咸蛋60g,枚,4,4,2,2,生鲜,蛋类,包装蛋类,包装盐蛋
530,2022,2,202206,202226,20220627,20220629,13:44.0,10,510113002,咸鸭蛋,溢流香1枚熟咸蛋60g,枚,2,2,2,1,生鲜,蛋类,包装蛋类,包装盐蛋
571,2022,2,202206,202226,20220627,20220629,33:43.0,10,510113002,咸鸭蛋,溢流香1枚熟咸蛋60g,枚,12,12,2,6,生鲜,蛋类,包装蛋类,包装盐蛋
746,2022,2,202206,202226,20220627,20220629,48:23.0,11,510113002,咸鸭蛋,溢流香1枚熟咸蛋60g,枚,8,8,2,4,生鲜,蛋类,包装蛋类,包装盐蛋
491,2022,2,202206,202226,20220627,20220629,15:53.0,20,510113002,咸鸭蛋,溢流香1枚熟咸蛋60g,枚,8,8,2,4,生鲜,蛋类,包装蛋类,包装盐蛋
608,2022,2,202206,202226,20220627,20220629,42:38.0,20,510113002,咸鸭蛋,溢流香1枚熟咸蛋60g,枚,6,6,2,3,生鲜,蛋类,包装蛋类,包装盐蛋
623,2022,2,202206,202226,20220627,20220629,50:37.0,20,510113002,咸鸭蛋,溢流香1枚熟咸蛋60g,枚,4,4,2,2,生鲜,蛋类,包装蛋类,包装盐蛋
904,2022,2,202206,202226,20220627,20220630,04:00.0,9,510113002,咸鸭蛋,溢流香1枚熟咸蛋60g,枚,20,20,2,10,生鲜,蛋类,包装蛋类,包装盐蛋
204,2022,2,202206,202226,20220627,20220630,36:29.0,10,510113002,咸鸭蛋,溢流香1枚熟咸蛋60g,枚,8,8,2,4,生鲜,蛋类,包装蛋类,包装盐蛋
240,2022,2,202206,202226,20220627,20220630,46:30.0,10,510113002,咸鸭蛋,溢流香1枚熟咸蛋60g,枚,2,2,2,1,生鲜,蛋类,包装蛋类,包装盐蛋
325,2022,2,202206,202226,20220627,20220630,17:42.0,11,510113002,咸鸭蛋,溢流香1枚熟咸蛋60g,枚,2,2,2,1,生鲜,蛋类,包装蛋类,包装盐蛋
371,2022,2,202206,202226,20220627,20220630,42:52.0,11,510113002,咸鸭蛋,溢流香1枚熟咸蛋60g,枚,8,8,2,4,生鲜,蛋类,包装蛋类,包装盐蛋
444,2022,2,202206,202226,20220627,20220630,26:56.0,12,510113002,咸鸭蛋,溢流香1枚熟咸蛋60g,枚,10,10,2,5,生鲜,蛋类,包装蛋类,包装盐蛋
757,2022,2,202206,202226,20220627,20220630,24:02.0,16,510113002,咸鸭蛋,溢流香1枚熟咸蛋60g,枚,10,10,2,5,生鲜,蛋类,包装蛋类,包装盐蛋
837,2022,2,202206,202226,20220627,20220630,10:01.0,17,510113002,咸鸭蛋,溢流香1枚熟咸蛋60g,枚,12,12,2,6,生鲜,蛋类,包装蛋类,包装盐蛋
957,2022,2,202206,202226,20220627,20220630,02:33.0,18,510113002,咸鸭蛋,溢流香1枚熟咸蛋60g,枚,4,4,2,2,生鲜,蛋类,包装蛋类,包装盐蛋
46,2022,2,202206,202226,20220627,20220630,49:00.0,18,510113002,咸鸭蛋,溢流香1枚熟咸蛋60g,枚,6,6,2,3,生鲜,蛋类,包装蛋类,包装盐蛋
433,2022,3,202207,202226,20220627,20220701,19:53.0,7,510113002,咸鸭蛋,溢流香1枚熟咸蛋60g,枚,12,12,2,6,生鲜,蛋类,包装蛋类,包装盐蛋
551,2022,3,202207,202226,20220627,20220701,48:57.0,8,510113002,咸鸭蛋,溢流香1枚熟咸蛋60g,枚,10,10,2,5,生鲜,蛋类,包装蛋类,包装盐蛋
598,2022,3,202207,202226,20220627,20220701,09:11.0,9,510113002,咸鸭蛋,溢流香1枚熟咸蛋60g,枚,14,14,2,7,生鲜,蛋类,包装蛋类,包装盐蛋
879,2022,3,202207,202226,20220627,20220701,34:38.0,10,510113002,咸鸭蛋,溢流香1枚熟咸蛋60g,枚,20,20,2,10,生鲜,蛋类,包装蛋类,包装盐蛋
977,2022,3,202207,202226,20220627,20220701,18:06.0,11,510113002,咸鸭蛋,溢流香1枚熟咸蛋60g,枚,8,8,2,4,生鲜,蛋类,包装蛋类,包装盐蛋
26,2022,3,202207,202226,20220627,20220701,50:15.0,11,510113002,咸鸭蛋,溢流香1枚熟咸蛋60g,枚,6,6,2,3,生鲜,蛋类,包装蛋类,包装盐蛋
145,2022,3,202207,202226,20220627,20220701,00:52.0,13,510113002,咸鸭蛋,溢流香1枚熟咸蛋60g,枚,12,12,2,6,生鲜,蛋类,包装蛋类,包装盐蛋
325,2022,3,202207,202226,20220627,20220701,07:01.0,15,510113002,咸鸭蛋,溢流香1枚熟咸蛋60g,枚,8,8,2,4,生鲜,蛋类,包装蛋类,包装盐蛋
385,2022,3,202207,202226,20220627,20220702,12:56.0,15,510113002,咸鸭蛋,溢流香1枚熟咸蛋60g,枚,14,14,2,7,生鲜,蛋类,包装蛋类,包装盐蛋
436,2022,3,202207,202226,20220627,20220702,38:55.0,15,510113002,咸鸭蛋,溢流香1枚熟咸蛋60g,枚,6,6,2,3,生鲜,蛋类,包装蛋类,包装盐蛋
71,2022,3,202207,202226,20220627,20220702,05:38.0,20,510113002,咸鸭蛋,溢流香1枚熟咸蛋60g,枚,10,10,2,5,生鲜,蛋类,包装蛋类,包装盐蛋
357,2022,3,202207,202226,20220627,20220703,30:41.0,7,510113002,咸鸭蛋,溢流香1枚熟咸蛋60g,枚,10,10,2,5,生鲜,蛋类,包装蛋类,包装盐蛋
548,2022,3,202207,202226,20220627,20220703,16:34.0,9,510113002,咸鸭蛋,溢流香1枚熟咸蛋60g,枚,2,2,2,1,生鲜,蛋类,包装蛋类,包装盐蛋
610,2022,3,202207,202226,20220627,20220703,41:36.0,9,510113002,咸鸭蛋,溢流香1枚熟咸蛋60g,枚,2,2,2,1,生鲜,蛋类,包装蛋类,包装盐蛋
670,2022,3,202207,202226,20220627,20220703,57:21.0,9,510113002,咸鸭蛋,溢流香1枚熟咸蛋60g,枚,10,10,2,5,生鲜,蛋类,包装蛋类,包装盐蛋
215,2022,3,202207,202226,20220627,20220703,37:41.0,12,510113002,咸鸭蛋,溢流香1枚熟咸蛋60g,枚,4,4,2,2,生鲜,蛋类,包装蛋类,包装盐蛋
711,2022,3,202207,202227,20220704,20220704,33:39.0,10,510113002,咸鸭蛋,溢流香1枚熟咸蛋60g,枚,4,4,2,2,生鲜,蛋类,包装蛋类,包装盐蛋
863,2022,3,202207,202227,20220704,20220704,28:49.0,11,510113002,咸鸭蛋,溢流香1枚熟咸蛋60g,枚,6,6,2,3,生鲜,蛋类,包装蛋类,包装盐蛋
918,2022,3,202207,202227,20220704,20220704,43:18.0,11,510113002,咸鸭蛋,溢流香1枚熟咸蛋60g,枚,6,6,2,3,生鲜,蛋类,包装蛋类,包装盐蛋
396,2022,3,202207,202227,20220704,20220705,45:18.0,8,510113002,咸鸭蛋,溢流香1枚熟咸蛋60g,枚,4,4,2,2,生鲜,蛋类,包装蛋类,包装盐蛋
643,2022,3,202207,202227,20220704,20220705,11:30.0,10,510113002,咸鸭蛋,溢流香1枚熟咸蛋60g,枚,2,2,2,1,生鲜,蛋类,包装蛋类,包装盐蛋
689,2022,3,202207,202227,20220704,20220705,29:00.0,10,510113002,咸鸭蛋,溢流香1枚熟咸蛋60g,枚,2,2,2,1,生鲜,蛋类,包装蛋类,包装盐蛋
115,2022,3,202207,202227,20220704,20220705,41:10.0,14,510113002,咸鸭蛋,溢流香1枚熟咸蛋60g,枚,6,6,2,3,生鲜,蛋类,包装蛋类,包装盐蛋
804,2022,3,202207,202227,20220704,20220707,41:14.0,10,510113002,咸鸭蛋,溢流香1枚熟咸蛋60g,枚,4,4,2,2,生鲜,蛋类,包装蛋类,包装盐蛋
192,2022,3,202207,202227,20220704,20220708,05:40.0,11,510113002,咸鸭蛋,溢流香1枚熟咸蛋60g,枚,6,6,2,3,生鲜,蛋类,包装蛋类,包装盐蛋
439,2022,3,202207,202227,20220704,20220708,33:15.0,12,510113002,咸鸭蛋,溢流香1枚熟咸蛋60g,枚,4,4,2,2,生鲜,蛋类,包装蛋类,包装盐蛋
791,2022,3,202207,202227,20220704,20220709,09:51.0,21,510113002,咸鸭蛋,溢流香1枚熟咸蛋60g,枚,10,10,2,5,生鲜,蛋类,包装蛋类,包装盐蛋
43,2022,3,202207,202228,20220711,20220712,56:58.0,7,510113002,咸鸭蛋,溢流香1枚熟咸蛋60g,枚,2,2,2,1,生鲜,蛋类,包装蛋类,包装盐蛋
88,2022,3,202207,202228,20220711,20220714,45:31.0,8,510113002,咸鸭蛋,溢流香1枚熟咸蛋60g,枚,8,8,2,4,生鲜,蛋类,包装蛋类,包装盐蛋
555,2022,3,202207,202228,20220711,20220714,26:09.0,11,510113002,咸鸭蛋,溢流香1枚熟咸蛋60g,枚,10,10,2,5,生鲜,蛋类,包装蛋类,包装盐蛋
920,2022,3,202207,202228,20220711,20220714,38:31.0,16,510113002,咸鸭蛋,溢流香1枚熟咸蛋60g,枚,4,4,2,2,生鲜,蛋类,包装蛋类,包装盐蛋
208,2022,3,202207,202228,20220711,20220714,21:01.0,18,510113002,咸鸭蛋,溢流香1枚熟咸蛋60g,枚,4,4,2,2,生鲜,蛋类,包装蛋类,包装盐蛋
493,2022,3,202207,202228,20220711,20220714,30:37.0,19,510113002,咸鸭蛋,溢流香1枚熟咸蛋60g,枚,10,10,2,5,生鲜,蛋类,包装蛋类,包装盐蛋
512,2022,3,202207,202228,20220711,20220714,34:53.0,19,510113002,咸鸭蛋,溢流香1枚熟咸蛋60g,枚,4,4,2,2,生鲜,蛋类,包装蛋类,包装盐蛋
616,2022,3,202207,202228,20220711,20220714,58:37.0,19,510113002,咸鸭蛋,溢流香1枚熟咸蛋60g,枚,10,10,2,5,生鲜,蛋类,包装蛋类,包装盐蛋
618,2022,3,202207,202228,20220711,20220714,58:39.0,19,510113002,咸鸭蛋,溢流香1枚熟咸蛋60g,枚,10,10,2,5,生鲜,蛋类,包装蛋类,包装盐蛋
854,2022,3,202207,202228,20220711,20220714,10:48.0,21,510113002,咸鸭蛋,溢流香1枚熟咸蛋60g,枚,4,4,2,2,生鲜,蛋类,包装蛋类,包装盐蛋
928,2022,3,202207,202228,20220711,20220715,23:02.0,7,510113002,咸鸭蛋,溢流香1枚熟咸蛋60g,枚,14,14,2,7,生鲜,蛋类,包装蛋类,包装盐蛋
946,2022,3,202207,202228,20220711,20220715,42:38.0,7,510113002,咸鸭蛋,溢流香1枚熟咸蛋60g,枚,12,12,2,6,生鲜,蛋类,包装蛋类,包装盐蛋
51,2022,3,202207,202228,20220711,20220715,02:49.0,9,510113002,咸鸭蛋,溢流香1枚熟咸蛋60g,枚,14,14,2,7,生鲜,蛋类,包装蛋类,包装盐蛋
166,2022,3,202207,202228,20220711,20220715,43:01.0,9,510113002,咸鸭蛋,溢流香1枚熟咸蛋60g,枚,6,6,2,3,生鲜,蛋类,包装蛋类,包装盐蛋
233,2022,3,202207,202228,20220711,20220715,01:52.0,10,510113002,咸鸭蛋,溢流香1枚熟咸蛋60g,枚,12,12,2,6,生鲜,蛋类,包装蛋类,包装盐蛋
236,2022,3,202207,202228,20220711,20220715,03:55.0,10,510113002,咸鸭蛋,溢流香1枚熟咸蛋60g,枚,10,10,2,5,生鲜,蛋类,包装蛋类,包装盐蛋
440,2022,3,202207,202228,20220711,20220715,08:49.0,11,510113002,咸鸭蛋,溢流香1枚熟咸蛋60g,枚,4,4,2,2,生鲜,蛋类,包装蛋类,包装盐蛋
477,2022,3,202207,202228,20220711,20220715,34:56.0,11,510113002,咸鸭蛋,溢流香1枚熟咸蛋60g,枚,8,8,2,4,生鲜,蛋类,包装蛋类,包装盐蛋
596,2022,3,202207,202228,20220711,20220715,27:40.0,12,510113002,咸鸭蛋,溢流香1枚熟咸蛋60g,枚,10,10,2,5,生鲜,蛋类,包装蛋类,包装盐蛋
619,2022,3,202207,202228,20220711,20220715,39:03.0,12,510113002,咸鸭蛋,溢流香1枚熟咸蛋60g,枚,6,6,2,3,生鲜,蛋类,包装蛋类,包装盐蛋
789,2022,3,202207,202228,20220711,20220715,17:43.0,15,510113002,咸鸭蛋,溢流香1枚熟咸蛋60g,枚,8,8,2,4,生鲜,蛋类,包装蛋类,包装盐蛋
919,2022,3,202207,202228,20220711,20220715,26:13.0,16,510113002,咸鸭蛋,溢流香1枚熟咸蛋60g,枚,4,4,2,2,生鲜,蛋类,包装蛋类,包装盐蛋
32,2022,3,202207,202228,20220711,20220715,24:07.0,17,510113002,咸鸭蛋,溢流香1枚熟咸蛋60g,枚,10,10,2,5,生鲜,蛋类,包装蛋类,包装盐蛋
446,2022,3,202207,202228,20220711,20220715,40:24.0,19,510113002,咸鸭蛋,溢流香1枚熟咸蛋60g,枚,10,10,2,5,生鲜,蛋类,包装蛋类,包装盐蛋
1010,2022,3,202207,202228,20220711,20220716,24:06.0,8,510113002,咸鸭蛋,溢流香1枚熟咸蛋60g,枚,4,4,2,2,生鲜,蛋类,包装蛋类,包装盐蛋
24,2022,3,202207,202228,20220711,20220716,03:33.0,16,510113002,咸鸭蛋,溢流香1枚熟咸蛋60g,枚,8,8,2,4,生鲜,蛋类,包装蛋类,包装盐蛋
48,2022,3,202207,202228,20220711,20220716,16:59.0,16,510113002,咸鸭蛋,溢流香1枚熟咸蛋60g,枚,10,10,2,5,生鲜,蛋类,包装蛋类,包装盐蛋
67,2022,3,202207,202228,20220711,20220716,25:12.0,16,510113002,咸鸭蛋,溢流香1枚熟咸蛋60g,枚,10,10,2,5,生鲜,蛋类,包装蛋类,包装盐蛋
620,2022,3,202207,202228,20220711,20220716,47:47.0,19,510113002,咸鸭蛋,溢流香1枚熟咸蛋60g,枚,4,4,2,2,生鲜,蛋类,包装蛋类,包装盐蛋
241,2022,3,202207,202228,20220711,20220717,22:54.0,9,510113002,咸鸭蛋,溢流香1枚熟咸蛋60g,枚,20,20,2,10,生鲜,蛋类,包装蛋类,包装盐蛋
898,2022,3,202207,202228,20220711,20220717,19:13.0,14,510113002,咸鸭蛋,溢流香1枚熟咸蛋60g,枚,14,14,2,7,生鲜,蛋类,包装蛋类,包装盐蛋
32,2022,3,202207,202228,20220711,20220717,00:25.0,16,510113002,咸鸭蛋,溢流香1枚熟咸蛋60g,枚,6,6,2,3,生鲜,蛋类,包装蛋类,包装盐蛋
229,2022,3,202207,202228,20220711,20220717,12:27.0,17,510113002,咸鸭蛋,溢流香1枚熟咸蛋60g,枚,4,4,2,2,生鲜,蛋类,包装蛋类,包装盐蛋
832,2022,3,202207,202228,20220711,20220717,54:57.0,20,510113002,咸鸭蛋,溢流香1枚熟咸蛋60g,枚,6,6,2,3,生鲜,蛋类,包装蛋类,包装盐蛋
908,2022,3,202207,202229,20220718,20220718,14:46.0,7,510113002,咸鸭蛋,溢流香1枚熟咸蛋60g,枚,2,2,2,1,生鲜,蛋类,包装蛋类,包装盐蛋
1004,2022,3,202207,202229,20220718,20220718,47:37.0,8,510113002,咸鸭蛋,溢流香1枚熟咸蛋60g,枚,12,12,2,6,生鲜,蛋类,包装蛋类,包装盐蛋
1022,2022,3,202207,202229,20220718,20220718,59:17.0,8,510113002,咸鸭蛋,溢流香1枚熟咸蛋60g,枚,2,2,2,1,生鲜,蛋类,包装蛋类,包装盐蛋
504,2022,3,202207,202229,20220718,20220718,48:28.0,11,510113002,咸鸭蛋,溢流香1枚熟咸蛋60g,枚,4,4,2,2,生鲜,蛋类,包装蛋类,包装盐蛋
508,2022,3,202207,202229,20220718,20220718,49:46.0,11,510113002,咸鸭蛋,溢流香1枚熟咸蛋60g,枚,12,12,2,6,生鲜,蛋类,包装蛋类,包装盐蛋
700,2022,3,202207,202229,20220718,20220718,11:37.0,14,510113002,咸鸭蛋,溢流香1枚熟咸蛋60g,枚,6,6,2,3,生鲜,蛋类,包装蛋类,包装盐蛋
712,2022,3,202207,202229,20220718,20220718,13:51.0,14,510113002,咸鸭蛋,溢流香1枚熟咸蛋60g,枚,4,4,2,2,生鲜,蛋类,包装蛋类,包装盐蛋
866,2022,3,202207,202229,20220718,20220718,50:55.0,15,510113002,咸鸭蛋,溢流香1枚熟咸蛋60g,枚,4,4,2,2,生鲜,蛋类,包装蛋类,包装盐蛋
194,2022,3,202207,202229,20220718,20220718,03:14.0,18,510113002,咸鸭蛋,溢流香1枚熟咸蛋60g,枚,2,2,2,1,生鲜,蛋类,包装蛋类,包装盐蛋
207,2022,3,202207,202229,20220718,20220718,08:04.0,18,510113002,咸鸭蛋,溢流香1枚熟咸蛋60g,枚,2,2,2,1,生鲜,蛋类,包装蛋类,包装盐蛋
666,2022,3,202207,202229,20220718,20220719,28:26.0,15,510113002,咸鸭蛋,溢流香1枚熟咸蛋60g,枚,2,2,2,1,生鲜,蛋类,包装蛋类,包装盐蛋
768,2022,3,202207,202229,20220718,20220719,08:36.0,16,510113002,咸鸭蛋,溢流香1枚熟咸蛋60g,枚,2,2,2,1,生鲜,蛋类,包装蛋类,包装盐蛋
903,2022,3,202207,202229,20220718,20220719,03:58.0,17,510113002,咸鸭蛋,溢流香1枚熟咸蛋60g,枚,2,2,2,1,生鲜,蛋类,包装蛋类,包装盐蛋
241,2022,3,202207,202229,20220718,20220719,50:39.0,19,510113002,咸鸭蛋,溢流香1枚熟咸蛋60g,枚,10,10,2,5,生鲜,蛋类,包装蛋类,包装盐蛋
235,2022,3,202207,202229,20220718,20220722,40:50.0,7,510113002,咸鸭蛋,溢流香1枚熟咸蛋60g,枚,2,2,2,1,生鲜,蛋类,包装蛋类,包装盐蛋
244,2022,3,202207,202229,20220718,20220722,47:02.0,7,510113002,咸鸭蛋,溢流香1枚熟咸蛋60g,枚,4,4,2,2,生鲜,蛋类,包装蛋类,包装盐蛋
264,2022,3,202207,202229,20220718,20220722,58:30.0,7,510113002,咸鸭蛋,溢流香1枚熟咸蛋60g,枚,2,2,2,1,生鲜,蛋类,包装蛋类,包装盐蛋
1022,2022,3,202207,202229,20220718,20220722,35:44.0,12,510113002,咸鸭蛋,溢流香1枚熟咸蛋60g,枚,4,4,2,2,生鲜,蛋类,包装蛋类,包装盐蛋
150,2022,3,202207,202229,20220718,20220722,11:14.0,21,510113002,咸鸭蛋,溢流香1枚熟咸蛋60g,枚,2,2,2,1,生鲜,蛋类,包装蛋类,包装盐蛋
159,2022,3,202207,202229,20220718,20220724,59:09.0,15,510113002,咸鸭蛋,溢流香1枚熟咸蛋60g,枚,2,2,2,1,生鲜,蛋类,包装蛋类,包装盐蛋
721,2022,3,202207,202230,20220725,20220726,55:18.0,10,510113002,咸鸭蛋,溢流香1枚熟咸蛋60g,枚,2,2,2,1,生鲜,蛋类,包装蛋类,包装盐蛋
731,2022,3,202207,202230,20220725,20220726,59:50.0,10,510113002,咸鸭蛋,溢流香1枚熟咸蛋60g,枚,4,4,2,2,生鲜,蛋类,包装蛋类,包装盐蛋
187,2022,3,202208,202232,20220808,20220810,04:30.0,11,510113002,咸鸭蛋,溢流香1枚熟咸蛋60g,枚,6,6,2,3,生鲜,蛋类,包装蛋类,包装盐蛋
232,2022,3,202208,202232,20220808,20220810,23:21.0,11,510113002,咸鸭蛋,溢流香1枚熟咸蛋60g,枚,12,12,2,6,生鲜,蛋类,包装蛋类,包装盐蛋
664,2022,3,202208,202232,20220808,20220810,35:07.0,16,510113002,咸鸭蛋,溢流香1枚熟咸蛋60g,枚,6,6,2,3,生鲜,蛋类,包装蛋类,包装盐蛋
721,2022,3,202208,202232,20220808,20220810,59:02.0,16,510113002,咸鸭蛋,溢流香1枚熟咸蛋60g,枚,6,6,2,3,生鲜,蛋类,包装蛋类,包装盐蛋
817,2022,3,202208,202232,20220808,20220810,21:34.0,17,510113002,咸鸭蛋,溢流香1枚熟咸蛋60g,枚,10,10,2,5,生鲜,蛋类,包装蛋类,包装盐蛋
924,2022,3,202208,202232,20220808,20220810,12:54.0,18,510113002,咸鸭蛋,溢流香1枚熟咸蛋60g,枚,4,4,2,2,生鲜,蛋类,包装蛋类,包装盐蛋
1012,2022,3,202208,202232,20220808,20220810,54:02.0,18,510113002,咸鸭蛋,溢流香1枚熟咸蛋60g,枚,6,6,2,3,生鲜,蛋类,包装蛋类,包装盐蛋
9,2022,3,202208,202232,20220808,20220810,01:23.0,19,510113002,咸鸭蛋,溢流香1枚熟咸蛋60g,枚,6,6,2,3,生鲜,蛋类,包装蛋类,包装盐蛋
41,2022,3,202208,202232,20220808,20220810,13:37.0,19,510113002,咸鸭蛋,溢流香1枚熟咸蛋60g,枚,6,6,2,3,生鲜,蛋类,包装蛋类,包装盐蛋
59,2022,3,202208,202232,20220808,20220810,17:47.0,19,510113002,咸鸭蛋,溢流香1枚熟咸蛋60g,枚,18,18,2,9,生鲜,蛋类,包装蛋类,包装盐蛋
98,2022,3,202208,202232,20220808,20220810,23:15.0,19,510113002,咸鸭蛋,溢流香1枚熟咸蛋60g,枚,8,8,2,4,生鲜,蛋类,包装蛋类,包装盐蛋
499,2022,3,202208,202232,20220808,20220811,18:04.0,7,510113002,咸鸭蛋,溢流香1枚熟咸蛋60g,枚,14,14,2,7,生鲜,蛋类,包装蛋类,包装盐蛋
546,2022,3,202208,202232,20220808,20220811,53:03.0,7,510113002,咸鸭蛋,溢流香1枚熟咸蛋60g,枚,4,4,2,2,生鲜,蛋类,包装蛋类,包装盐蛋
613,2022,3,202208,202232,20220808,20220811,31:52.0,8,510113002,咸鸭蛋,溢流香1枚熟咸蛋60g,枚,6,6,2,3,生鲜,蛋类,包装蛋类,包装盐蛋
199,2022,3,202208,202232,20220808,20220811,15:07.0,12,510113002,咸鸭蛋,溢流香1枚熟咸蛋60g,枚,10,10,2,5,生鲜,蛋类,包装蛋类,包装盐蛋
286,2022,3,202208,202232,20220808,20220811,33:41.0,13,510113002,咸鸭蛋,溢流香1枚熟咸蛋60g,枚,8,8,2,4,生鲜,蛋类,包装蛋类,包装盐蛋
485,2022,3,202208,202232,20220808,20220811,58:22.0,15,510113002,咸鸭蛋,溢流香1枚熟咸蛋60g,枚,32,32,2,16,生鲜,蛋类,包装蛋类,包装盐蛋
573,2022,3,202208,202232,20220808,20220811,29:48.0,16,510113002,咸鸭蛋,溢流香1枚熟咸蛋60g,枚,8,8,2,4,生鲜,蛋类,包装蛋类,包装盐蛋
650,2022,3,202208,202232,20220808,20220811,58:24.0,16,510113002,咸鸭蛋,溢流香1枚熟咸蛋60g,枚,10,10,2,5,生鲜,蛋类,包装蛋类,包装盐蛋
775,2022,3,202208,202232,20220808,20220811,47:41.0,17,510113002,咸鸭蛋,溢流香1枚熟咸蛋60g,枚,16,16,2,8,生鲜,蛋类,包装蛋类,包装盐蛋
643,2022,3,202208,202232,20220808,20220812,10:10.0,8,510113002,咸鸭蛋,溢流香1枚熟咸蛋60g,枚,14,14,2,7,生鲜,蛋类,包装蛋类,包装盐蛋
784,2022,3,202208,202232,20220808,20220812,58:48.0,8,510113002,咸鸭蛋,溢流香1枚熟咸蛋60g,枚,10,10,2,5,生鲜,蛋类,包装蛋类,包装盐蛋
884,2022,3,202208,202232,20220808,20220812,22:57.0,9,510113002,咸鸭蛋,溢流香1枚熟咸蛋60g,枚,16,16,2,8,生鲜,蛋类,包装蛋类,包装盐蛋
998,2022,3,202208,202232,20220808,20220812,58:17.0,9,510113002,咸鸭蛋,溢流香1枚熟咸蛋60g,枚,4,4,2,2,生鲜,蛋类,包装蛋类,包装盐蛋
132,2022,3,202208,202232,20220808,20220812,50:19.0,10,510113002,咸鸭蛋,溢流香1枚熟咸蛋60g,枚,6,6,2,3,生鲜,蛋类,包装蛋类,包装盐蛋
413,2022,3,202208,202232,20220808,20220812,31:07.0,13,510113002,咸鸭蛋,溢流香1枚熟咸蛋60g,枚,4,4,2,2,生鲜,蛋类,包装蛋类,包装盐蛋
651,2022,3,202208,202232,20220808,20220812,39:30.0,16,510113002,咸鸭蛋,溢流香1枚熟咸蛋60g,枚,2,2,2,1,生鲜,蛋类,包装蛋类,包装盐蛋
687,2022,3,202208,202232,20220808,20220812,51:13.0,16,510113002,咸鸭蛋,溢流香1枚熟咸蛋60g,枚,4,4,2,2,生鲜,蛋类,包装蛋类,包装盐蛋
698,2022,3,202208,202232,20220808,20220812,54:26.0,16,510113002,咸鸭蛋,溢流香1枚熟咸蛋60g,枚,4,4,2,2,生鲜,蛋类,包装蛋类,包装盐蛋
863,2022,3,202208,202232,20220808,20220812,47:39.0,17,510113002,咸鸭蛋,溢流香1枚熟咸蛋60g,枚,10,10,2,5,生鲜,蛋类,包装蛋类,包装盐蛋
897,2022,3,202208,202232,20220808,20220812,56:22.0,17,510113002,咸鸭蛋,溢流香1枚熟咸蛋60g,枚,8,8,2,4,生鲜,蛋类,包装蛋类,包装盐蛋
52,2022,3,202208,202232,20220808,20220812,08:12.0,19,510113002,咸鸭蛋,溢流香1枚熟咸蛋60g,枚,16,16,2,8,生鲜,蛋类,包装蛋类,包装盐蛋
360,2022,3,202208,202232,20220808,20220812,44:59.0,20,510113002,咸鸭蛋,溢流香1枚熟咸蛋60g,枚,8,8,2,4,生鲜,蛋类,包装蛋类,包装盐蛋
468,2022,3,202208,202232,20220808,20220813,33:04.0,7,510113002,咸鸭蛋,溢流香1枚熟咸蛋60g,枚,10,10,2,5,生鲜,蛋类,包装蛋类,包装盐蛋
766,2022,3,202208,202232,20220808,20220813,41:05.0,9,510113002,咸鸭蛋,溢流香1枚熟咸蛋60g,枚,16,16,2,8,生鲜,蛋类,包装蛋类,包装盐蛋
118,2022,3,202208,202232,20220808,20220813,04:31.0,11,510113002,咸鸭蛋,溢流香1枚熟咸蛋60g,枚,12,12,2,6,生鲜,蛋类,包装蛋类,包装盐蛋
254,2022,3,202208,202232,20220808,20220813,05:06.0,12,510113002,咸鸭蛋,溢流香1枚熟咸蛋60g,枚,10,10,2,5,生鲜,蛋类,包装蛋类,包装盐蛋
451,2022,3,202208,202232,20220808,20220813,25:23.0,15,510113002,咸鸭蛋,溢流香1枚熟咸蛋60g,枚,20,20,2,10,生鲜,蛋类,包装蛋类,包装盐蛋
858,2022,3,202208,202232,20220808,20220813,02:18.0,19,510113002,咸鸭蛋,溢流香1枚熟咸蛋60g,枚,8,8,2,4,生鲜,蛋类,包装蛋类,包装盐蛋
91,2022,3,202208,202232,20220808,20220813,52:01.0,19,510113002,咸鸭蛋,溢流香1枚熟咸蛋60g,枚,20,20,2,10,生鲜,蛋类,包装蛋类,包装盐蛋
101,2022,3,202208,202232,20220808,20220813,56:02.0,19,510113002,咸鸭蛋,溢流香1枚熟咸蛋60g,枚,12,12,2,6,生鲜,蛋类,包装蛋类,包装盐蛋
415,2022,3,202208,202232,20220808,20220814,45:23.0,7,510113002,咸鸭蛋,溢流香1枚熟咸蛋60g,枚,10,10,2,5,生鲜,蛋类,包装蛋类,包装盐蛋
495,2022,3,202208,202232,20220808,20220814,39:47.0,8,510113002,咸鸭蛋,溢流香1枚熟咸蛋60g,枚,10,10,2,5,生鲜,蛋类,包装蛋类,包装盐蛋
761,2022,3,202208,202232,20220808,20220814,57:17.0,9,510113002,咸鸭蛋,溢流香1枚熟咸蛋60g,枚,4,4,2,2,生鲜,蛋类,包装蛋类,包装盐蛋
51,2022,3,202208,202232,20220808,20220814,48:38.0,11,510113002,咸鸭蛋,溢流香1枚熟咸蛋60g,枚,6,6,2,3,生鲜,蛋类,包装蛋类,包装盐蛋
473,2022,3,202208,202232,20220808,20220814,53:35.0,16,510113002,咸鸭蛋,溢流香1枚熟咸蛋60g,枚,6,6,2,3,生鲜,蛋类,包装蛋类,包装盐蛋
599,2022,3,202208,202232,20220808,20220814,39:50.0,17,510113002,咸鸭蛋,溢流香1枚熟咸蛋60g,枚,6,6,2,3,生鲜,蛋类,包装蛋类,包装盐蛋
642,2022,3,202208,202232,20220808,20220814,47:05.0,17,510113002,咸鸭蛋,溢流香1枚熟咸蛋60g,枚,4,4,2,2,生鲜,蛋类,包装蛋类,包装盐蛋
683,2022,3,202208,202232,20220808,20220814,12:04.0,18,510113002,咸鸭蛋,溢流香1枚熟咸蛋60g,枚,4,4,2,2,生鲜,蛋类,包装蛋类,包装盐蛋
767,2022,3,202208,202232,20220808,20220814,57:20.0,18,510113002,咸鸭蛋,溢流香1枚熟咸蛋60g,枚,10,10,2,5,生鲜,蛋类,包装蛋类,包装盐蛋
922,2022,3,202208,202232,20220808,20220814,43:16.0,19,510113002,咸鸭蛋,溢流香1枚熟咸蛋60g,枚,2,2,2,1,生鲜,蛋类,包装蛋类,包装盐蛋
1002,2022,3,202208,202232,20220808,20220814,58:53.0,19,510113002,咸鸭蛋,溢流香1枚熟咸蛋60g,枚,6,6,2,3,生鲜,蛋类,包装蛋类,包装盐蛋
286,2022,3,202208,202233,20220815,20220815,16:50.0,7,510113002,咸鸭蛋,溢流香1枚熟咸蛋60g,枚,10,10,2,5,生鲜,蛋类,包装蛋类,包装盐蛋
438,2022,3,202208,202233,20220815,20220815,50:57.0,8,510113002,咸鸭蛋,溢流香1枚熟咸蛋60g,枚,6,6,2,3,生鲜,蛋类,包装蛋类,包装盐蛋
588,2022,3,202208,202233,20220815,20220815,40:22.0,9,510113002,咸鸭蛋,溢流香1枚熟咸蛋60g,枚,10,10,2,5,生鲜,蛋类,包装蛋类,包装盐蛋
787,2022,3,202208,202233,20220815,20220815,41:50.0,10,510113002,咸鸭蛋,溢流香1枚熟咸蛋60g,枚,12,12,2,6,生鲜,蛋类,包装蛋类,包装盐蛋
629,2022,3,202208,202233,20220815,20220815,48:02.0,17,510113002,咸鸭蛋,溢流香1枚熟咸蛋60g,枚,10,10,2,5,生鲜,蛋类,包装蛋类,包装盐蛋
818,2022,3,202208,202233,20220815,20220815,16:01.0,19,510113002,咸鸭蛋,溢流香1枚熟咸蛋60g,枚,6,6,2,3,生鲜,蛋类,包装蛋类,包装盐蛋
896,2022,3,202208,202233,20220815,20220815,41:59.0,19,510113002,咸鸭蛋,溢流香1枚熟咸蛋60g,枚,8,8,2,4,生鲜,蛋类,包装蛋类,包装盐蛋
994,2022,3,202208,202233,20220815,20220815,57:28.0,19,510113002,咸鸭蛋,溢流香1枚熟咸蛋60g,枚,8,8,2,4,生鲜,蛋类,包装蛋类,包装盐蛋
11,2022,3,202208,202233,20220815,20220815,05:58.0,20,510113002,咸鸭蛋,溢流香1枚熟咸蛋60g,枚,2,2,2,1,生鲜,蛋类,包装蛋类,包装盐蛋
145,2022,3,202208,202233,20220815,20220815,33:39.0,20,510113002,咸鸭蛋,溢流香1枚熟咸蛋60g,枚,4,4,2,2,生鲜,蛋类,包装蛋类,包装盐蛋
295,2022,3,202208,202233,20220815,20220815,28:44.0,21,510113002,咸鸭蛋,溢流香1枚熟咸蛋60g,枚,6,6,2,3,生鲜,蛋类,包装蛋类,包装盐蛋
494,2022,3,202208,202233,20220815,20220816,43:14.0,8,510113002,咸鸭蛋,溢流香1枚熟咸蛋60g,枚,12,12,2,6,生鲜,蛋类,包装蛋类,包装盐蛋
532,2022,3,202208,202233,20220815,20220816,56:21.0,8,510113002,咸鸭蛋,溢流香1枚熟咸蛋60g,枚,10,10,2,5,生鲜,蛋类,包装蛋类,包装盐蛋
575,2022,3,202208,202233,20220815,20220816,13:20.0,9,510113002,咸鸭蛋,溢流香1枚熟咸蛋60g,枚,10,10,2,5,生鲜,蛋类,包装蛋类,包装盐蛋
610,2022,3,202208,202233,20220815,20220816,25:26.0,9,510113002,咸鸭蛋,溢流香1枚熟咸蛋60g,枚,4,4,2,2,生鲜,蛋类,包装蛋类,包装盐蛋
463,2022,3,202208,202233,20220815,20220816,57:11.0,17,510113002,咸鸭蛋,溢流香1枚熟咸蛋60g,枚,8,8,2,4,生鲜,蛋类,包装蛋类,包装盐蛋
525,2022,3,202208,202233,20220815,20220816,40:31.0,18,510113002,咸鸭蛋,溢流香1枚熟咸蛋60g,枚,10,10,2,5,生鲜,蛋类,包装蛋类,包装盐蛋
906,2022,3,202208,202233,20220815,20220816,57:33.0,20,510113002,咸鸭蛋,溢流香1枚熟咸蛋60g,枚,12,12,2,6,生鲜,蛋类,包装蛋类,包装盐蛋
42,2022,3,202208,202233,20220815,20220817,03:55.0,8,510113002,咸鸭蛋,溢流香1枚熟咸蛋60g,枚,4,4,2,2,生鲜,蛋类,包装蛋类,包装盐蛋
112,2022,3,202208,202233,20220815,20220817,37:26.0,8,510113002,咸鸭蛋,溢流香1枚熟咸蛋60g,枚,20,20,2,10,生鲜,蛋类,包装蛋类,包装盐蛋
158,2022,3,202208,202233,20220815,20220817,48:30.0,8,510113002,咸鸭蛋,溢流香1枚熟咸蛋60g,枚,12,12,2,6,生鲜,蛋类,包装蛋类,包装盐蛋
267,2022,3,202208,202233,20220815,20220817,26:49.0,9,510113002,咸鸭蛋,溢流香1枚熟咸蛋60g,枚,4,4,2,2,生鲜,蛋类,包装蛋类,包装盐蛋
552,2022,3,202208,202233,20220815,20220817,03:12.0,11,510113002,咸鸭蛋,溢流香1枚熟咸蛋60g,枚,12,12,2,6,生鲜,蛋类,包装蛋类,包装盐蛋
932,2022,3,202208,202233,20220815,20220817,12:57.0,15,510113002,咸鸭蛋,溢流香1枚熟咸蛋60g,枚,10,10,2,5,生鲜,蛋类,包装蛋类,包装盐蛋
149,2022,3,202208,202233,20220815,20220817,09:32.0,17,510113002,咸鸭蛋,溢流香1枚熟咸蛋60g,枚,6,6,2,3,生鲜,蛋类,包装蛋类,包装盐蛋
602,2022,3,202208,202233,20220815,20220817,21:04.0,20,510113002,咸鸭蛋,溢流香1枚熟咸蛋60g,枚,6,6,2,3,生鲜,蛋类,包装蛋类,包装盐蛋
663,2022,3,202208,202233,20220815,20220817,32:31.0,20,510113002,咸鸭蛋,溢流香1枚熟咸蛋60g,枚,2,2,2,1,生鲜,蛋类,包装蛋类,包装盐蛋
359,2022,3,202208,202233,20220815,20220818,43:54.0,11,510113002,咸鸭蛋,溢流香1枚熟咸蛋60g,枚,12,12,2,6,生鲜,蛋类,包装蛋类,包装盐蛋
365,2022,3,202208,202233,20220815,20220818,46:47.0,11,510113002,咸鸭蛋,溢流香1枚熟咸蛋60g,枚,10,10,2,5,生鲜,蛋类,包装蛋类,包装盐蛋
376,2022,3,202208,202233,20220815,20220818,51:14.0,11,510113002,咸鸭蛋,溢流香1枚熟咸蛋60g,枚,12,12,2,6,生鲜,蛋类,包装蛋类,包装盐蛋
640,2022,3,202208,202233,20220815,20220818,52:28.0,15,510113002,咸鸭蛋,溢流香1枚熟咸蛋60g,枚,2,2,2,1,生鲜,蛋类,包装蛋类,包装盐蛋
50,2022,3,202208,202233,20220815,20220818,12:46.0,19,510113002,咸鸭蛋,溢流香1枚熟咸蛋60g,枚,30,30,2,15,生鲜,蛋类,包装蛋类,包装盐蛋
590,2022,3,202208,202233,20220815,20220819,27:07.0,7,510113002,咸鸭蛋,溢流香1枚熟咸蛋60g,枚,20,20,2,10,生鲜,蛋类,包装蛋类,包装盐蛋
710,2022,3,202208,202233,20220815,20220819,52:25.0,8,510113002,咸鸭蛋,溢流香1枚熟咸蛋60g,枚,20,20,2,10,生鲜,蛋类,包装蛋类,包装盐蛋
385,2022,3,202208,202233,20220815,20220819,14:20.0,13,510113002,咸鸭蛋,溢流香1枚熟咸蛋60g,枚,2,2,2,1,生鲜,蛋类,包装蛋类,包装盐蛋
572,2022,3,202208,202233,20220815,20220819,00:02.0,16,510113002,咸鸭蛋,溢流香1枚熟咸蛋60g,枚,20,20,2,10,生鲜,蛋类,包装蛋类,包装盐蛋
665,2022,3,202208,202233,20220815,20220819,46:25.0,16,510113002,咸鸭蛋,溢流香1枚熟咸蛋60g,枚,2,2,2,1,生鲜,蛋类,包装蛋类,包装盐蛋
666,2022,3,202208,202233,20220815,20220819,46:55.0,16,510113002,咸鸭蛋,溢流香1枚熟咸蛋60g,枚,4,4,2,2,生鲜,蛋类,包装蛋类,包装盐蛋
842,2022,3,202208,202233,20220815,20220819,51:14.0,17,510113002,咸鸭蛋,溢流香1枚熟咸蛋60g,枚,16,16,2,8,生鲜,蛋类,包装蛋类,包装盐蛋
973,2022,3,202208,202233,20220815,20220819,35:55.0,18,510113002,咸鸭蛋,溢流香1枚熟咸蛋60g,枚,4,4,2,2,生鲜,蛋类,包装蛋类,包装盐蛋
1014,2022,3,202208,202233,20220815,20220819,02:23.0,19,510113002,咸鸭蛋,溢流香1枚熟咸蛋60g,枚,4,4,2,2,生鲜,蛋类,包装蛋类,包装盐蛋
140,2022,3,202208,202233,20220815,20220819,38:54.0,19,510113002,咸鸭蛋,溢流香1枚熟咸蛋60g,枚,6,6,2,3,生鲜,蛋类,包装蛋类,包装盐蛋
263,2022,3,202208,202233,20220815,20220819,05:09.0,20,510113002,咸鸭蛋,溢流香1枚熟咸蛋60g,枚,6,6,2,3,生鲜,蛋类,包装蛋类,包装盐蛋
369,2022,3,202208,202233,20220815,20220819,28:54.0,20,510113002,咸鸭蛋,溢流香1枚熟咸蛋60g,枚,4,4,2,2,生鲜,蛋类,包装蛋类,包装盐蛋
510,2022,3,202208,202233,20220815,20220819,39:31.0,21,510113002,咸鸭蛋,溢流香1枚熟咸蛋60g,枚,24,24,2,12,生鲜,蛋类,包装蛋类,包装盐蛋
557,2022,3,202208,202233,20220815,20220820,31:57.0,7,510113002,咸鸭蛋,溢流香1枚熟咸蛋60g,枚,12,12,2,6,生鲜,蛋类,包装蛋类,包装盐蛋
684,2022,3,202208,202233,20220815,20220820,28:39.0,8,510113002,咸鸭蛋,溢流香1枚熟咸蛋60g,枚,4,4,2,2,生鲜,蛋类,包装蛋类,包装盐蛋
692,2022,3,202208,202233,20220815,20220820,31:54.0,8,510113002,咸鸭蛋,溢流香1枚熟咸蛋60g,枚,12,12,2,6,生鲜,蛋类,包装蛋类,包装盐蛋
728,2022,3,202208,202233,20220815,20220820,38:41.0,8,510113002,咸鸭蛋,溢流香1枚熟咸蛋60g,枚,6,6,2,3,生鲜,蛋类,包装蛋类,包装盐蛋
851,2022,3,202208,202233,20220815,20220820,10:41.0,9,510113002,咸鸭蛋,溢流香1枚熟咸蛋60g,枚,8,8,2,4,生鲜,蛋类,包装蛋类,包装盐蛋
66,2022,3,202208,202233,20220815,20220820,00:59.0,10,510113002,咸鸭蛋,溢流香1枚熟咸蛋60g,枚,40,40,2,20,生鲜,蛋类,包装蛋类,包装盐蛋
305,2022,3,202208,202233,20220815,20220820,54:55.0,10,510113002,咸鸭蛋,溢流香1枚熟咸蛋60g,枚,4,4,2,2,生鲜,蛋类,包装蛋类,包装盐蛋
691,2022,3,202208,202233,20220815,20220820,53:39.0,13,510113002,咸鸭蛋,溢流香1枚熟咸蛋60g,枚,10,10,2,5,生鲜,蛋类,包装蛋类,包装盐蛋
790,2022,3,202208,202233,20220815,20220820,46:16.0,14,510113002,咸鸭蛋,溢流香1枚熟咸蛋60g,枚,10,10,2,5,生鲜,蛋类,包装蛋类,包装盐蛋
821,2022,3,202208,202233,20220815,20220820,52:30.0,14,510113002,咸鸭蛋,溢流香1枚熟咸蛋60g,枚,12,12,2,6,生鲜,蛋类,包装蛋类,包装盐蛋
886,2022,3,202208,202233,20220815,20220820,32:15.0,15,510113002,咸鸭蛋,溢流香1枚熟咸蛋60g,枚,12,12,2,6,生鲜,蛋类,包装蛋类,包装盐蛋
1017,2022,3,202208,202233,20220815,20220820,22:10.0,16,510113002,咸鸭蛋,溢流香1枚熟咸蛋60g,枚,10,10,2,5,生鲜,蛋类,包装蛋类,包装盐蛋
250,2022,3,202208,202233,20220815,20220820,40:39.0,17,510113002,咸鸭蛋,溢流香1枚熟咸蛋60g,枚,10,10,2,5,生鲜,蛋类,包装蛋类,包装盐蛋
512,2022,3,202208,202233,20220815,20220820,06:29.0,19,510113002,咸鸭蛋,溢流香1枚熟咸蛋60g,枚,28,28,2,14,生鲜,蛋类,包装蛋类,包装盐蛋
627,2022,3,202208,202233,20220815,20220820,37:42.0,19,510113002,咸鸭蛋,溢流香1枚熟咸蛋60g,枚,2,2,2,1,生鲜,蛋类,包装蛋类,包装盐蛋
760,2022,3,202208,202233,20220815,20220820,55:26.0,19,510113002,咸鸭蛋,溢流香1枚熟咸蛋60g,枚,2,2,2,1,生鲜,蛋类,包装蛋类,包装盐蛋
766,2022,3,202208,202233,20220815,20220821,08:38.0,10,510113002,咸鸭蛋,溢流香1枚熟咸蛋60g,枚,4,4,2,2,生鲜,蛋类,包装蛋类,包装盐蛋
993,2022,3,202208,202233,20220815,20220821,26:48.0,11,510113002,咸鸭蛋,溢流香1枚熟咸蛋60g,枚,10,10,2,5,生鲜,蛋类,包装蛋类,包装盐蛋
61,2022,3,202208,202233,20220815,20220821,13:39.0,12,510113002,咸鸭蛋,溢流香1枚熟咸蛋60g,枚,18,18,2,9,生鲜,蛋类,包装蛋类,包装盐蛋
337,2022,3,202208,202233,20220815,20220821,39:02.0,15,510113002,咸鸭蛋,溢流香1枚熟咸蛋60g,枚,4,4,2,2,生鲜,蛋类,包装蛋类,包装盐蛋
401,2022,3,202208,202233,20220815,20220821,09:15.0,16,510113002,咸鸭蛋,溢流香1枚熟咸蛋60g,枚,4,4,2,2,生鲜,蛋类,包装蛋类,包装盐蛋
570,2022,3,202208,202233,20220815,20220821,20:19.0,17,510113002,咸鸭蛋,溢流香1枚熟咸蛋60g,枚,4,4,2,2,生鲜,蛋类,包装蛋类,包装盐蛋
911,2022,3,202208,202233,20220815,20220821,36:19.0,19,510113002,咸鸭蛋,溢流香1枚熟咸蛋60g,枚,4,4,2,2,生鲜,蛋类,包装蛋类,包装盐蛋
413,2022,3,202208,202234,20220822,20220822,32:57.0,8,510113002,咸鸭蛋,溢流香1枚熟咸蛋60g,枚,3.6,3.6,1.8,2,生鲜,蛋类,包装蛋类,包装盐蛋
422,2022,3,202208,202234,20220822,20220822,42:49.0,8,510113002,咸鸭蛋,溢流香1枚熟咸蛋60g,枚,9,9,1.8,5,生鲜,蛋类,包装蛋类,包装盐蛋
430,2022,3,202208,202234,20220822,20220822,50:00.0,8,510113002,咸鸭蛋,溢流香1枚熟咸蛋60g,枚,9,9,1.8,5,生鲜,蛋类,包装蛋类,包装盐蛋
470,2022,3,202208,202234,20220822,20220822,00:13.0,9,510113002,咸鸭蛋,溢流香1枚熟咸蛋60g,枚,3.6,3.6,1.8,2,生鲜,蛋类,包装蛋类,包装盐蛋
653,2022,3,202208,202234,20220822,20220822,59:40.0,9,510113002,咸鸭蛋,溢流香1枚熟咸蛋60g,枚,10.8,10.8,1.8,6,生鲜,蛋类,包装蛋类,包装盐蛋
969,2022,3,202208,202234,20220822,20220822,42:19.0,11,510113002,咸鸭蛋,溢流香1枚熟咸蛋60g,枚,1.8,1.8,1.8,1,生鲜,蛋类,包装蛋类,包装盐蛋
332,2022,3,202208,202234,20220822,20220822,30:43.0,16,510113002,咸鸭蛋,溢流香1枚熟咸蛋60g,枚,14.4,14.4,1.8,8,生鲜,蛋类,包装蛋类,包装盐蛋
442,2022,3,202208,202234,20220822,20220822,19:34.0,17,510113002,咸鸭蛋,溢流香1枚熟咸蛋60g,枚,28.8,28.8,1.8,16,生鲜,蛋类,包装蛋类,包装盐蛋
508,2022,3,202208,202234,20220822,20220822,35:57.0,17,510113002,咸鸭蛋,溢流香1枚熟咸蛋60g,枚,10.8,10.8,1.8,6,生鲜,蛋类,包装蛋类,包装盐蛋
577,2022,3,202208,202234,20220822,20220822,01:58.0,18,510113002,咸鸭蛋,溢流香1枚熟咸蛋60g,枚,7.2,7.2,1.8,4,生鲜,蛋类,包装蛋类,包装盐蛋
193,2022,3,202208,202234,20220822,20220823,50:32.0,7,510113002,咸鸭蛋,溢流香1枚熟咸蛋60g,枚,12.6,12.6,1.8,7,生鲜,蛋类,包装蛋类,包装盐蛋
240,2022,3,202208,202234,20220822,20220823,17:08.0,8,510113002,咸鸭蛋,溢流香1枚熟咸蛋60g,枚,5.4,5.4,1.8,3,生鲜,蛋类,包装蛋类,包装盐蛋
447,2022,3,202208,202234,20220822,20220823,34:33.0,9,510113002,咸鸭蛋,溢流香1枚熟咸蛋60g,枚,9,9,1.8,5,生鲜,蛋类,包装蛋类,包装盐蛋
468,2022,3,202208,202234,20220822,20220823,37:29.0,9,510113002,咸鸭蛋,溢流香1枚熟咸蛋60g,枚,10.8,10.8,1.8,6,生鲜,蛋类,包装蛋类,包装盐蛋
555,2022,3,202208,202234,20220822,20220823,04:13.0,10,510113002,咸鸭蛋,溢流香1枚熟咸蛋60g,枚,9,9,1.8,5,生鲜,蛋类,包装蛋类,包装盐蛋
853,2022,3,202208,202234,20220822,20220823,09:49.0,12,510113002,咸鸭蛋,溢流香1枚熟咸蛋60g,枚,18,18,1.8,10,生鲜,蛋类,包装蛋类,包装盐蛋
945,2022,3,202208,202234,20220822,20220823,39:05.0,13,510113002,咸鸭蛋,溢流香1枚熟咸蛋60g,枚,9,9,1.8,5,生鲜,蛋类,包装蛋类,包装盐蛋
191,2022,3,202208,202234,20220822,20220823,21:26.0,17,510113002,咸鸭蛋,溢流香1枚熟咸蛋60g,枚,10.8,10.8,1.8,6,生鲜,蛋类,包装蛋类,包装盐蛋
207,2022,3,202208,202234,20220822,20220823,28:42.0,17,510113002,咸鸭蛋,溢流香1枚熟咸蛋60g,枚,1.8,1.8,1.8,1,生鲜,蛋类,包装蛋类,包装盐蛋
463,2022,3,202208,202234,20220822,20220823,27:17.0,19,510113002,咸鸭蛋,溢流香1枚熟咸蛋60g,枚,9,9,1.8,5,生鲜,蛋类,包装蛋类,包装盐蛋
474,2022,3,202208,202234,20220822,20220823,29:55.0,19,510113002,咸鸭蛋,溢流香1枚熟咸蛋60g,枚,12.6,12.6,1.8,7,生鲜,蛋类,包装蛋类,包装盐蛋
510,2022,3,202208,202234,20220822,20220823,42:43.0,19,510113002,咸鸭蛋,溢流香1枚熟咸蛋60g,枚,1.8,1.8,1.8,1,生鲜,蛋类,包装蛋类,包装盐蛋
554,2022,3,202208,202234,20220822,20220823,54:34.0,19,510113002,咸鸭蛋,溢流香1枚熟咸蛋60g,枚,18,18,1.8,10,生鲜,蛋类,包装蛋类,包装盐蛋
612,2022,3,202208,202234,20220822,20220823,14:14.0,20,510113002,咸鸭蛋,溢流香1枚熟咸蛋60g,枚,7.2,7.2,1.8,4,生鲜,蛋类,包装蛋类,包装盐蛋
768,2022,3,202208,202234,20220822,20220823,52:59.0,20,510113002,咸鸭蛋,溢流香1枚熟咸蛋60g,枚,9,9,1.8,5,生鲜,蛋类,包装蛋类,包装盐蛋
14,2022,3,202208,202234,20220822,20220824,12:09.0,9,510113002,咸鸭蛋,溢流香1枚熟咸蛋60g,枚,1.8,1.8,1.8,1,生鲜,蛋类,包装蛋类,包装盐蛋
39,2022,3,202208,202234,20220822,20220824,18:08.0,9,510113002,咸鸭蛋,溢流香1枚熟咸蛋60g,枚,3.6,3.6,1.8,2,生鲜,蛋类,包装蛋类,包装盐蛋
56,2022,3,202208,202234,20220822,20220824,24:37.0,9,510113002,咸鸭蛋,溢流香1枚熟咸蛋60g,枚,9,9,1.8,5,生鲜,蛋类,包装蛋类,包装盐蛋
153,2022,3,202208,202234,20220822,20220824,55:05.0,9,510113002,咸鸭蛋,溢流香1枚熟咸蛋60g,枚,18,18,1.8,10,生鲜,蛋类,包装蛋类,包装盐蛋
296,2022,3,202208,202234,20220822,20220824,38:56.0,10,510113002,咸鸭蛋,溢流香1枚熟咸蛋60g,枚,9,9,1.8,5,生鲜,蛋类,包装蛋类,包装盐蛋
749,2022,3,202208,202234,20220822,20220824,56:54.0,15,510113002,咸鸭蛋,溢流香1枚熟咸蛋60g,枚,9,9,1.8,5,生鲜,蛋类,包装蛋类,包装盐蛋
818,2022,3,202208,202234,20220822,20220824,54:41.0,16,510113002,咸鸭蛋,溢流香1枚熟咸蛋60g,枚,1.8,1.8,1.8,1,生鲜,蛋类,包装蛋类,包装盐蛋
918,2022,3,202208,202234,20220822,20220824,29:21.0,17,510113002,咸鸭蛋,溢流香1枚熟咸蛋60g,枚,18,18,1.8,10,生鲜,蛋类,包装蛋类,包装盐蛋
919,2022,3,202208,202234,20220822,20220824,29:39.0,17,510113002,咸鸭蛋,溢流香1枚熟咸蛋60g,枚,1.8,1.8,1.8,1,生鲜,蛋类,包装蛋类,包装盐蛋
922,2022,3,202208,202234,20220822,20220824,30:31.0,17,510113002,咸鸭蛋,溢流香1枚熟咸蛋60g,枚,10.8,10.8,1.8,6,生鲜,蛋类,包装蛋类,包装盐蛋
49,2022,3,202208,202234,20220822,20220824,19:21.0,18,510113002,咸鸭蛋,溢流香1枚熟咸蛋60g,枚,9,9,1.8,5,生鲜,蛋类,包装蛋类,包装盐蛋
451,2022,3,202208,202234,20220822,20220824,36:47.0,20,510113002,咸鸭蛋,溢流香1枚熟咸蛋60g,枚,1.8,1.8,1.8,1,生鲜,蛋类,包装蛋类,包装盐蛋
457,2022,3,202208,202234,20220822,20220824,37:03.0,20,510113002,咸鸭蛋,溢流香1枚熟咸蛋60g,枚,9,9,1.8,5,生鲜,蛋类,包装蛋类,包装盐蛋
481,2022,3,202208,202234,20220822,20220824,44:31.0,20,510113002,咸鸭蛋,溢流香1枚熟咸蛋60g,枚,9,9,1.8,5,生鲜,蛋类,包装蛋类,包装盐蛋
600,2022,3,202208,202234,20220822,20220825,19:23.0,7,510113002,咸鸭蛋,溢流香1枚熟咸蛋60g,枚,1.8,1.8,1.8,1,生鲜,蛋类,包装蛋类,包装盐蛋
722,2022,3,202208,202234,20220822,20220825,39:23.0,8,510113002,咸鸭蛋,溢流香1枚熟咸蛋60g,枚,10.8,10.8,1.8,6,生鲜,蛋类,包装蛋类,包装盐蛋
729,2022,3,202208,202234,20220822,20220825,42:34.0,8,510113002,咸鸭蛋,溢流香1枚熟咸蛋60g,枚,5.4,5.4,1.8,3,生鲜,蛋类,包装蛋类,包装盐蛋
854,2022,3,202208,202234,20220822,20220825,45:36.0,9,510113002,咸鸭蛋,溢流香1枚熟咸蛋60g,枚,18,18,1.8,10,生鲜,蛋类,包装蛋类,包装盐蛋
924,2022,3,202208,202234,20220822,20220825,08:53.0,10,510113002,咸鸭蛋,溢流香1枚熟咸蛋60g,枚,10.8,10.8,1.8,6,生鲜,蛋类,包装蛋类,包装盐蛋
925,2022,3,202208,202234,20220822,20220825,09:33.0,10,510113002,咸鸭蛋,溢流香1枚熟咸蛋60g,枚,10.8,10.8,1.8,6,生鲜,蛋类,包装蛋类,包装盐蛋
935,2022,3,202208,202234,20220822,20220825,11:36.0,10,510113002,咸鸭蛋,溢流香1枚熟咸蛋60g,枚,18,18,1.8,10,生鲜,蛋类,包装蛋类,包装盐蛋
64,2022,3,202208,202234,20220822,20220825,08:50.0,11,510113002,咸鸭蛋,溢流香1枚熟咸蛋60g,枚,5.4,5.4,1.8,3,生鲜,蛋类,包装蛋类,包装盐蛋
102,2022,3,202208,202234,20220822,20220825,25:19.0,11,510113002,咸鸭蛋,溢流香1枚熟咸蛋60g,枚,3.6,3.6,1.8,2,生鲜,蛋类,包装蛋类,包装盐蛋
492,2022,3,202208,202234,20220822,20220825,22:49.0,16,510113002,咸鸭蛋,溢流香1枚熟咸蛋60g,枚,5.4,5.4,1.8,3,生鲜,蛋类,包装蛋类,包装盐蛋
583,2022,3,202208,202234,20220822,20220825,05:08.0,17,510113002,咸鸭蛋,溢流香1枚熟咸蛋60g,枚,3.6,3.6,1.8,2,生鲜,蛋类,包装蛋类,包装盐蛋
718,2022,3,202208,202234,20220822,20220825,57:28.0,17,510113002,咸鸭蛋,溢流香1枚熟咸蛋60g,枚,7.2,7.2,1.8,4,生鲜,蛋类,包装蛋类,包装盐蛋
984,2022,3,202208,202234,20220822,20220825,32:44.0,19,510113002,咸鸭蛋,溢流香1枚熟咸蛋60g,枚,10.8,10.8,1.8,6,生鲜,蛋类,包装蛋类,包装盐蛋
993,2022,3,202208,202234,20220822,20220825,35:07.0,19,510113002,咸鸭蛋,溢流香1枚熟咸蛋60g,枚,3.6,3.6,1.8,2,生鲜,蛋类,包装蛋类,包装盐蛋
1015,2022,3,202208,202234,20220822,20220825,40:35.0,19,510113002,咸鸭蛋,溢流香1枚熟咸蛋60g,枚,7.2,7.2,1.8,4,生鲜,蛋类,包装蛋类,包装盐蛋
105,2022,3,202208,202234,20220822,20220825,12:38.0,20,510113002,咸鸭蛋,溢流香1枚熟咸蛋60g,枚,7.2,7.2,1.8,4,生鲜,蛋类,包装蛋类,包装盐蛋
177,2022,3,202208,202234,20220822,20220825,48:54.0,20,510113002,咸鸭蛋,溢流香1枚熟咸蛋60g,枚,7.2,7.2,1.8,4,生鲜,蛋类,包装蛋类,包装盐蛋
230,2022,3,202208,202234,20220822,20220825,24:46.0,21,510113002,咸鸭蛋,溢流香1枚熟咸蛋60g,枚,1.8,1.8,1.8,1,生鲜,蛋类,包装蛋类,包装盐蛋
280,2022,3,202208,202234,20220822,20220825,00:26.0,22,510113002,咸鸭蛋,溢流香1枚熟咸蛋60g,枚,1.8,1.8,1.8,1,生鲜,蛋类,包装蛋类,包装盐蛋
459,2022,3,202208,202234,20220822,20220826,06:32.0,9,510113002,咸鸭蛋,溢流香1枚熟咸蛋60g,枚,3.6,3.6,1.8,2,生鲜,蛋类,包装蛋类,包装盐蛋
522,2022,3,202208,202234,20220822,20220826,25:19.0,9,510113002,咸鸭蛋,溢流香1枚熟咸蛋60g,枚,7.2,7.2,1.8,4,生鲜,蛋类,包装蛋类,包装盐蛋
644,2022,3,202208,202234,20220822,20220826,01:00.0,10,510113002,咸鸭蛋,溢流香1枚熟咸蛋60g,枚,10.8,10.8,1.8,6,生鲜,蛋类,包装蛋类,包装盐蛋
699,2022,3,202208,202234,20220822,20220826,14:26.0,10,510113002,咸鸭蛋,溢流香1枚熟咸蛋60g,枚,5.4,5.4,1.8,3,生鲜,蛋类,包装蛋类,包装盐蛋
726,2022,3,202208,202234,20220822,20220826,23:57.0,10,510113002,咸鸭蛋,溢流香1枚熟咸蛋60g,枚,10.8,10.8,1.8,6,生鲜,蛋类,包装蛋类,包装盐蛋
728,2022,3,202208,202234,20220822,20220826,24:08.0,10,510113002,咸鸭蛋,溢流香1枚熟咸蛋60g,枚,9,9,1.8,5,生鲜,蛋类,包装蛋类,包装盐蛋
744,2022,3,202208,202234,20220822,20220826,33:49.0,10,510113002,咸鸭蛋,溢流香1枚熟咸蛋60g,枚,9,9,1.8,5,生鲜,蛋类,包装蛋类,包装盐蛋
165,2022,3,202208,202234,20220822,20220826,34:40.0,14,510113002,咸鸭蛋,溢流香1枚熟咸蛋60g,枚,10.8,10.8,1.8,6,生鲜,蛋类,包装蛋类,包装盐蛋
240,2022,3,202208,202234,20220822,20220826,12:36.0,15,510113002,咸鸭蛋,溢流香1枚熟咸蛋60g,枚,9,9,1.8,5,生鲜,蛋类,包装蛋类,包装盐蛋
347,2022,3,202208,202234,20220822,20220826,32:16.0,16,510113002,咸鸭蛋,溢流香1枚熟咸蛋60g,枚,3.6,3.6,1.8,2,生鲜,蛋类,包装蛋类,包装盐蛋
739,2022,3,202208,202234,20220822,20220826,52:23.0,18,510113002,咸鸭蛋,溢流香1枚熟咸蛋60g,枚,9,9,1.8,5,生鲜,蛋类,包装蛋类,包装盐蛋
67,2022,3,202208,202234,20220822,20220826,32:21.0,20,510113002,咸鸭蛋,溢流香1枚熟咸蛋60g,枚,5.4,5.4,1.8,3,生鲜,蛋类,包装蛋类,包装盐蛋
143,2022,3,202208,202234,20220822,20220826,00:47.0,21,510113002,咸鸭蛋,溢流香1枚熟咸蛋60g,枚,5.4,5.4,1.8,3,生鲜,蛋类,包装蛋类,包装盐蛋
203,2022,3,202208,202234,20220822,20220826,25:03.0,21,510113002,咸鸭蛋,溢流香1枚熟咸蛋60g,枚,3.6,3.6,1.8,2,生鲜,蛋类,包装蛋类,包装盐蛋
439,2022,3,202208,202234,20220822,20220827,55:49.0,8,510113002,咸鸭蛋,溢流香1枚熟咸蛋60g,枚,3.6,3.6,1.8,2,生鲜,蛋类,包装蛋类,包装盐蛋
702,2022,3,202208,202234,20220822,20220827,52:03.0,9,510113002,咸鸭蛋,溢流香1枚熟咸蛋60g,枚,7.2,7.2,1.8,4,生鲜,蛋类,包装蛋类,包装盐蛋
378,2022,3,202208,202234,20220822,20220827,33:27.0,15,510113002,咸鸭蛋,溢流香1枚熟咸蛋60g,枚,7.2,7.2,1.8,4,生鲜,蛋类,包装蛋类,包装盐蛋
421,2022,3,202208,202234,20220822,20220827,00:03.0,16,510113002,咸鸭蛋,溢流香1枚熟咸蛋60g,枚,7.2,7.2,1.8,4,生鲜,蛋类,包装蛋类,包装盐蛋
916,2022,3,202208,202234,20220822,20220827,44:23.0,19,510113002,咸鸭蛋,溢流香1枚熟咸蛋60g,枚,7.2,7.2,1.8,4,生鲜,蛋类,包装蛋类,包装盐蛋
917,2022,3,202208,202234,20220822,20220827,45:38.0,19,510113002,咸鸭蛋,溢流香1枚熟咸蛋60g,枚,21.6,21.6,1.8,12,生鲜,蛋类,包装蛋类,包装盐蛋
924,2022,3,202208,202234,20220822,20220827,47:55.0,19,510113002,咸鸭蛋,溢流香1枚熟咸蛋60g,枚,9,9,1.8,5,生鲜,蛋类,包装蛋类,包装盐蛋
180,2022,3,202208,202234,20220822,20220828,47:45.0,7,510113002,咸鸭蛋,溢流香1枚熟咸蛋60g,枚,10.8,10.8,1.8,6,生鲜,蛋类,包装蛋类,包装盐蛋
198,2022,3,202208,202234,20220822,20220828,02:06.0,8,510113002,咸鸭蛋,溢流香1枚熟咸蛋60g,枚,5.4,5.4,1.8,3,生鲜,蛋类,包装蛋类,包装盐蛋
937,2022,3,202208,202234,20220822,20220828,21:54.0,13,510113002,咸鸭蛋,溢流香1枚熟咸蛋60g,枚,9,9,1.8,5,生鲜,蛋类,包装蛋类,包装盐蛋
961,2022,3,202208,202234,20220822,20220828,31:59.0,13,510113002,咸鸭蛋,溢流香1枚熟咸蛋60g,枚,1.8,1.8,1.8,1,生鲜,蛋类,包装蛋类,包装盐蛋
1,2022,3,202208,202234,20220822,20220828,39:23.0,14,510113002,咸鸭蛋,溢流香1枚熟咸蛋60g,枚,7.2,7.2,1.8,4,生鲜,蛋类,包装蛋类,包装盐蛋
294,2022,3,202208,202234,20220822,20220828,16:06.0,17,510113002,咸鸭蛋,溢流香1枚熟咸蛋60g,枚,18,18,1.8,10,生鲜,蛋类,包装蛋类,包装盐蛋
365,2022,3,202208,202234,20220822,20220828,56:16.0,17,510113002,咸鸭蛋,溢流香1枚熟咸蛋60g,枚,3.6,3.6,1.8,2,生鲜,蛋类,包装蛋类,包装盐蛋
349,2022,3,202208,202235,20220829,20220829,20:44.0,10,510113002,咸鸭蛋,溢流香1枚熟咸蛋60g,枚,9,9,1.8,5,生鲜,蛋类,包装蛋类,包装盐蛋
369,2022,3,202208,202235,20220829,20220829,25:19.0,10,510113002,咸鸭蛋,溢流香1枚熟咸蛋60g,枚,1.8,1.8,1.8,1,生鲜,蛋类,包装蛋类,包装盐蛋
386,2022,3,202208,202235,20220829,20220829,27:09.0,10,510113002,咸鸭蛋,溢流香1枚熟咸蛋60g,枚,7.2,7.2,1.8,4,生鲜,蛋类,包装蛋类,包装盐蛋
541,2022,3,202208,202235,20220829,20220829,02:24.0,11,510113002,咸鸭蛋,溢流香1枚熟咸蛋60g,枚,7.2,7.2,1.8,4,生鲜,蛋类,包装蛋类,包装盐蛋
111,2022,3,202208,202235,20220829,20220829,57:06.0,15,510113002,咸鸭蛋,溢流香1枚熟咸蛋60g,枚,18,18,1.8,10,生鲜,蛋类,包装蛋类,包装盐蛋
204,2022,3,202208,202235,20220829,20220829,29:08.0,16,510113002,咸鸭蛋,溢流香1枚熟咸蛋60g,枚,9,9,1.8,5,生鲜,蛋类,包装蛋类,包装盐蛋
524,2022,3,202208,202235,20220829,20220829,24:01.0,18,510113002,咸鸭蛋,溢流香1枚熟咸蛋60g,枚,3.6,3.6,1.8,2,生鲜,蛋类,包装蛋类,包装盐蛋
845,2022,3,202208,202235,20220829,20220829,08:38.0,20,510113002,咸鸭蛋,溢流香1枚熟咸蛋60g,枚,3.6,3.6,1.8,2,生鲜,蛋类,包装蛋类,包装盐蛋
226,2022,3,202208,202235,20220829,20220830,49:20.0,8,510113002,咸鸭蛋,溢流香1枚熟咸蛋60g,枚,7.2,7.2,1.8,4,生鲜,蛋类,包装蛋类,包装盐蛋
669,2022,3,202208,202235,20220829,20220830,41:29.0,10,510113002,咸鸭蛋,溢流香1枚熟咸蛋60g,枚,7.2,7.2,1.8,4,生鲜,蛋类,包装蛋类,包装盐蛋
995,2022,3,202208,202235,20220829,20220830,50:43.0,12,510113002,咸鸭蛋,溢流香1枚熟咸蛋60g,枚,5.4,5.4,1.8,3,生鲜,蛋类,包装蛋类,包装盐蛋
141,2022,3,202208,202235,20220829,20220830,56:08.0,14,510113002,咸鸭蛋,溢流香1枚熟咸蛋60g,枚,21.6,21.6,1.8,12,生鲜,蛋类,包装蛋类,包装盐蛋
535,2022,3,202208,202235,20220829,20220830,00:29.0,18,510113002,咸鸭蛋,溢流香1枚熟咸蛋60g,枚,18,18,1.8,10,生鲜,蛋类,包装蛋类,包装盐蛋
779,2022,3,202208,202235,20220829,20220830,31:04.0,19,510113002,咸鸭蛋,溢流香1枚熟咸蛋60g,枚,7.2,7.2,1.8,4,生鲜,蛋类,包装蛋类,包装盐蛋
804,2022,3,202208,202235,20220829,20220830,45:23.0,19,510113002,咸鸭蛋,溢流香1枚熟咸蛋60g,枚,1.8,1.8,1.8,1,生鲜,蛋类,包装蛋类,包装盐蛋
820,2022,3,202208,202235,20220829,20220830,48:26.0,19,510113002,咸鸭蛋,溢流香1枚熟咸蛋60g,枚,5.4,5.4,1.8,3,生鲜,蛋类,包装蛋类,包装盐蛋
968,2022,3,202208,202235,20220829,20220830,24:13.0,20,510113002,咸鸭蛋,溢流香1枚熟咸蛋60g,枚,9,9,1.8,5,生鲜,蛋类,包装蛋类,包装盐蛋
89,2022,3,202208,202235,20220829,20220831,13:09.0,7,510113002,咸鸭蛋,溢流香1枚熟咸蛋60g,枚,10.8,10.8,1.8,6,生鲜,蛋类,包装蛋类,包装盐蛋
156,2022,3,202208,202235,20220829,20220831,18:48.0,8,510113002,咸鸭蛋,溢流香1枚熟咸蛋60g,枚,3.6,3.6,1.8,2,生鲜,蛋类,包装蛋类,包装盐蛋
181,2022,3,202208,202235,20220829,20220831,34:53.0,8,510113002,咸鸭蛋,溢流香1枚熟咸蛋60g,枚,1.8,1.8,1.8,1,生鲜,蛋类,包装蛋类,包装盐蛋
278,2022,3,202208,202235,20220829,20220831,06:48.0,17,510113002,咸鸭蛋,溢流香1枚熟咸蛋60g,枚,7.2,7.2,1.8,4,生鲜,蛋类,包装蛋类,包装盐蛋
334,2022,3,202208,202235,20220829,20220831,31:56.0,17,510113002,咸鸭蛋,溢流香1枚熟咸蛋60g,枚,21.6,21.6,1.8,12,生鲜,蛋类,包装蛋类,包装盐蛋
619,2022,3,202208,202235,20220829,20220831,18:57.0,19,510113002,咸鸭蛋,溢流香1枚熟咸蛋60g,枚,9,9,1.8,5,生鲜,蛋类,包装蛋类,包装盐蛋
666,2022,3,202208,202235,20220829,20220831,28:06.0,19,510113002,咸鸭蛋,溢流香1枚熟咸蛋60g,枚,3.6,3.6,1.8,2,生鲜,蛋类,包装蛋类,包装盐蛋
779,2022,3,202208,202235,20220829,20220831,56:53.0,19,510113002,咸鸭蛋,溢流香1枚熟咸蛋60g,枚,5.4,5.4,1.8,3,生鲜,蛋类,包装蛋类,包装盐蛋
957,2022,3,202208,202235,20220829,20220831,50:45.0,20,510113002,咸鸭蛋,溢流香1枚熟咸蛋60g,枚,5.4,5.4,1.8,3,生鲜,蛋类,包装蛋类,包装盐蛋
